rank,target,predictor,variable,family,n_total,observed_fraction,train_n,validation_n,test_n,best_form,spline_knots,ridge_alpha,train_cv_rmse,validation_rmse,test_rmse,dummy_rmse,rmse_improvement_pct,test_mae,test_r2,spearman,calibration_slope,calibration_intercept,bootstrap_improvement_low_95,bootstrap_improvement_high_95,bootstrap_probability_beats_dummy,verdict
1,beta,property_density_km2,Property density,New spatial context,819,1.0,573,123,123,nonlinear,5,0.1,0.6877917043833907,0.6652674859560218,0.6664697114888994,0.6865921834523001,2.9307749852643994,0.5377117614365884,0.0348515609761351,0.1567695502444183,0.9187590418118982,0.0230743101711284,-1.754355354261207,6.762489946592385,0.895,WEAK / UNCERTAIN
2,beta,population_density_km2_2021,Population density,Urban / population,819,1.0,573,123,123,linear,0,0.0,0.6811832040487756,0.6697154496878333,0.6760784168937461,0.6865921834523001,1.5312971530915176,0.531709549840785,0.0068212432719284,0.1424204511743689,0.588658613754599,-0.2151295513456083,-2.8799090657372584,5.839859154148191,0.749,WEAK / UNCERTAIN
3,beta,rain_winter_mean_mm_1991_2020,Mean winter rainfall,Static rainfall,819,1.0,573,123,123,nonlinear,3,0.1,0.6956260338783975,0.6715778899112751,0.6771589120226487,0.6865921834523001,1.3739264234293176,0.5458414530100902,0.0036441492977978,0.1186299673678915,0.8166986980315459,-0.013625421754862,-4.031707800366934,7.001656263582532,0.687,WEAK / UNCERTAIN
4,beta,hydro_low_productivity_pct,Low-productivity aquifer,Hydrogeology,819,1.0,573,123,123,nonlinear,4,0.1,0.7032314115098512,0.6734159411047446,0.6740651840104593,0.6865921834523001,1.824518213832981,0.5431693284124884,0.0127274311243162,0.2445180700066238,1.290844214185033,0.3407345355195807,-1.0733648984696085,4.771671236720823,0.906,WEAK / UNCERTAIN
5,beta,landcover_urban_pct,Urban land,Urban / population,819,1.0,573,123,123,nonlinear,3,0.1,0.6928188469823912,0.673537135506407,0.6662332275081886,0.6865921834523001,2.965218136003718,0.5307418426484687,0.0355363682441384,0.2400959650021003,1.1075957822779934,0.1824973644283566,-1.103474560058881,6.330322621381568,0.943,WEAK / UNCERTAIN
6,beta,rain_ann_r20_days,Annual R20,Annual NIMROD rainfall,819,0.7362637362637363,573,123,123,nonlinear,4,1.0,0.6979405749532144,0.6742515124856214,0.664357825245141,0.6865921834523001,3.238364598816297,0.5368553930642807,0.040958528044264,0.1617896227975773,1.47871714412194,0.4601546985635307,-0.4150119774814866,6.959722422327461,0.948,WEAK / UNCERTAIN
7,beta,terrain_mean_slope_deg,Mean terrain slope,Terrain,819,1.0,573,123,123,nonlinear,3,10.0,0.690170222464068,0.6757948721925783,0.6690891442284312,0.6865921834523001,2.549262815061579,0.5247942823824292,0.0272499863926539,0.2688795449562111,1.098007761357881,0.1923606539593775,-1.0649904678707742,5.934480777021688,0.916,WEAK / UNCERTAIN
8,beta,rain_mean_annual_mm_1991_2020,Mean annual rainfall,Static rainfall,819,1.0,573,123,123,nonlinear,3,0.1,0.6974125297034002,0.6768556740407021,0.6776707602625776,0.6865921834523001,1.2993773312221748,0.5446929206195515,0.0021373368747638,0.1123873031432588,0.9234441687389732,0.0664233416182487,-3.253230124277468,6.522953775324852,0.7,WEAK / UNCERTAIN
9,beta,continuous_land_cover_pct,Continuous urban land,Urban / population,819,1.0,573,123,123,nonlinear,5,0.1,0.6948694169295326,0.6774730725561292,0.6689925879785894,0.6865921834523001,2.5633259302803304,0.5299511453653226,0.0275307212304343,0.2314310222605682,1.3352775991709736,0.3580329895964042,-0.864996066206565,5.747880783017712,0.931,WEAK / UNCERTAIN
10,beta,road_density_km_per_km2,Road density,New spatial context,819,1.0,573,123,123,linear,0,0.0,0.696140332790844,0.6780525507691086,0.6764693607466657,0.6865921834523001,1.4743574059837263,0.5492223432557933,0.0056722955133653,0.143271723568637,1.21729667540882,0.2565999673910594,-1.3133462732032517,3.9193231873773646,0.846,WEAK / UNCERTAIN
11,beta,sensor_distance_to_watercourse_m,Sensor distance to watercourse,New spatial context,819,1.0,573,123,123,nonlinear,5,0.1,0.7048964330324892,0.6796102991905545,0.6938060314706137,0.6865921834523001,-1.0506743584002316,0.5544664949865948,-0.0459463777204314,-0.1269943635449046,-8.24717068094007,-6.547934544834351,-2.147762818293728,0.0255998944101051,0.03,WEAK / UNCERTAIN
12,beta,rain_ann_rx5day_mm,Annual Rx5day,Annual NIMROD rainfall,819,0.7362637362637363,573,123,123,nonlinear,5,0.1,0.7114540872015723,0.6796839799606859,0.6791359668695002,0.6865921834523001,1.0859745803263932,0.5471774217553947,-0.0021823287935571,0.1891912894580837,1.2580031377856726,0.300184468691514,-1.5679492911988455,3.46805236954067,0.79,WEAK / UNCERTAIN
13,beta,landcover_suburban_pct,Suburban land,Urban / population,819,1.0,573,123,123,nonlinear,5,10.0,0.7009711689196083,0.6799679706333294,0.6861445131109076,0.6865921834523001,0.0652017823945387,0.5552237059940551,-0.0229736985649231,0.1057319007880718,0.5515976652959035,-0.2174729802468004,-3.4785794012826523,2.820730863086019,0.524,WEAK / UNCERTAIN
14,beta,rain_ann_prcptot_mm,Annual PRCPTOT,Annual NIMROD rainfall,819,0.7362637362637363,573,123,123,nonlinear,4,10.0,0.6909683796724005,0.6810737302689935,0.6762289075954728,0.6865921834523001,1.5093786539658811,0.5414867086406591,0.0063790436714518,0.1581195613573381,0.8857924670889724,0.0191069991613467,-2.189908544810769,4.925442689206781,0.803,WEAK / UNCERTAIN
15,beta,rain_ann_cwd_days,Annual CWD,Annual NIMROD rainfall,819,0.7362637362637363,573,123,123,nonlinear,3,10.0,0.6995096500866558,0.6819019178533057,0.6685125627379258,0.6865921834523001,2.6332401023657086,0.536117734279422,0.028925781002109,0.1629436336070895,1.916012208248533,0.7667457777805513,-0.3658569924924758,5.241165543446538,0.958,WEAK / UNCERTAIN
16,beta,overland_flow_path_density_km_per_km2,Overland-flow path density,New spatial context,819,1.0,573,123,123,nonlinear,5,1.0,0.700505011063946,0.6822095234526528,0.6621959601259615,0.6865921834523001,3.553233478958402,0.5210637828776715,0.0471899439129134,0.2402587352155911,2.4620164223012893,1.1733737016470702,0.7521559990805581,6.539933421444817,0.996,WEAK / UNCERTAIN
17,beta,rain_ann_sdii_mm_per_wet_day,Annual SDII,Annual NIMROD rainfall,819,0.7362637362637363,573,123,123,nonlinear,5,0.1,0.7004623223817307,0.6843270435765669,0.6741350822944189,0.6865921834523001,1.81433774780902,0.5372607349103019,0.0125226668434006,0.2043341283045897,1.2276948380106285,0.272584999864585,-0.8126438748225762,4.319511148924954,0.91,WEAK / UNCERTAIN
18,beta,rain_ann_r10_days,Annual R10,Annual NIMROD rainfall,819,0.7362637362637363,573,123,123,nonlinear,3,10.0,0.7027957005431086,0.6849131901909654,0.674522604480673,0.6865921834523001,1.7578963557288438,0.5399679765608132,0.011387050636558,0.189325516680338,1.4593177039363687,0.4448928043756446,-0.8677287601591621,4.1310707073128485,0.916,WEAK / UNCERTAIN
19,beta,watercourse_density_km_per_km2,Watercourse density,New spatial context,819,1.0,573,123,123,nonlinear,3,10.0,0.7009677623821432,0.6849440413818363,0.6859020756051315,0.6865921834523001,0.1005120454035219,0.5470140053175142,-0.0222509255261456,0.0259752830086469,0.5826037388765745,-0.1961022510825646,-1.565316048149778,1.8847743039064284,0.548,WEAK / UNCERTAIN
20,beta,overland_flow_mean_slope_pct,Overland-flow mean slope,New spatial context,819,1.0,573,123,123,nonlinear,4,0.1,0.6927301031301611,0.6850848731764283,0.6719957115441653,0.6865921834523001,2.125930393605903,0.5345074122769367,0.0187802494471708,0.288058969960403,1.145231555958285,0.236627215171844,-1.29345186634222,5.434783704595871,0.872,WEAK / UNCERTAIN
21,beta,hydro_intergranular_flow_pct,Intergranular flow,Hydrogeology,819,1.0,573,123,123,linear,0,0.0,0.6929882972238932,0.6853607332960998,0.6764115869891193,0.6865921834523001,1.4827719727292954,0.5412556937800862,0.0058421290578503,0.2566325865241184,1.2060600430389656,0.2593356745867572,-0.7658738845462739,3.607640914860805,0.892,WEAK / UNCERTAIN
22,beta,overland_flow_1kmplus_length_pct,Long overland-flow path share,New spatial context,819,1.0,573,123,123,nonlinear,4,10.0,0.7001469458709987,0.6856352420745252,0.6890835069206203,0.6865921834523001,-0.3628534562967728,0.5453102279284283,-0.0317559660823829,0.0220657231607525,0.1473557541224209,-0.5135440110413386,-2.920150186903484,2.259307310259217,0.418,WEAK / UNCERTAIN
23,beta,rain_ann_rx1day_mm,Annual Rx1day,Annual NIMROD rainfall,819,0.7362637362637363,573,123,123,nonlinear,5,0.1,0.7073189300598234,0.6865672996322825,0.6886097324479061,0.6865921834523001,-0.2938496889756957,0.5526556219742528,-0.030337700831055,-0.135798328291446,-5.557382813722209,-4.654080200285847,-0.6478358907442703,0.0440593545374645,0.05,WEAK / UNCERTAIN
24,beta,sewershed_area_km2,WWTW catchment area,Operations / scale,819,1.0,573,123,123,linear,0,0.0,0.6981528741496685,0.6865694523106506,0.678472624434955,0.6865921834523001,1.1825883272539706,0.537567653500203,-0.0002255324135134,0.0819801111813339,1.2726663090610544,0.2974504797307767,0.1105912471195552,2.3656309181909507,0.982,WEAK / UNCERTAIN
25,beta,hydro_moderate_productivity_pct,Moderate-productivity aquifer,Hydrogeology,819,1.0,573,123,123,linear,0,0.0,0.7003373729976647,0.6873330541942101,0.6810927201740037,0.6865921834523001,0.800979593249111,0.5430890961686139,-0.0079657028705901,0.1821157035090851,2.299469780621638,1.0440332961138332,-0.385459270276871,1.932006416652312,0.921,WEAK / UNCERTAIN
26,beta,online_ponding_area_pct,Online ponding share,New spatial context,819,1.0,573,123,123,linear,0,0.0,0.6996553622182379,0.6882336338731342,0.6814333019150914,0.6865921834523001,0.7513749299138468,0.5526516043580606,-0.0089740253396595,-0.0710104200424302,1.2012723934294804,0.2681785238315158,-2.7901302380627384,4.4491423815110736,0.612,WEAK / UNCERTAIN
27,beta,wwtw_distance_to_watercourse_m,WWTW distance to watercourse,New spatial context,819,1.0,573,123,123,nonlinear,5,1.0,0.7031983769309307,0.6889001544806014,0.7062849110175502,0.6865921834523001,-2.868184060329928,0.5621088677162633,-0.0839097791307643,-0.1639860184958275,-3.06823766405162,-2.8059447653347864,-5.529809301211225,-0.2342590140302809,0.012,NO EVIDENCE OVER DUMMY
28,beta,rain_ann_cdd_days,Annual CDD,Annual NIMROD rainfall,819,0.7362637362637363,573,123,123,nonlinear,3,0.1,0.6973678284256031,0.6889278874182907,0.6783990499476898,0.6865921834523001,1.1933042207695723,0.5377795543471169,-8.612561809506758e-06,0.1609800541659024,1.075288993255176,0.1634483761290637,-1.7680876863755262,4.542788260392277,0.782,WEAK / UNCERTAIN
29,beta,hydro_high_productivity_pct,High-productivity aquifer,Hydrogeology,819,1.0,573,123,123,nonlinear,3,0.1,0.7018348508904647,0.6900828545606956,0.6863391483767037,0.6865921834523001,0.0368537658445327,0.5498992182396001,-0.0235541447937823,0.0264081284581351,0.6821568233657316,-0.1241259793722313,-0.8315158149539585,0.9562806349224462,0.511,WEAK / UNCERTAIN
30,beta,overland_flow_max_accumulation,Maximum flow accumulation,New spatial context,819,1.0,573,123,123,nonlinear,3,10.0,0.7047862755106341,0.6901768973715674,0.6817125689945873,0.6865921834523001,0.7107005549025147,0.5440865443973393,-0.0098011964424951,0.1664078987889246,2.2442257157682706,1.005038466476913,-0.0442890884588416,1.425504716360646,0.961,WEAK / UNCERTAIN
31,beta,permit_flow_headroom_ratio,Permitted-flow headroom ratio,Permitting / hydraulics,819,0.0537240537240537,573,123,123,nonlinear,4,10.0,0.7005384701199462,0.6903214716427852,0.6898044047136093,0.6865921834523001,-0.4678499608250084,0.553685619804037,-0.033915877491395,0.141386973455212,0.3510991308179642,-0.3625275014555629,-2.795658633129467,0.9282921454813688,0.348,WEAK / UNCERTAIN
32,beta,capacity_ratio_latest,Treatment capacity utilisation,Operations / scale,819,1.0,573,123,123,nonlinear,5,10.0,0.7080032128136216,0.6907164740038354,0.6971810616941109,0.6865921834523001,-1.542236934386307,0.5584826598230804,-0.056147173306398,-0.059124377810237,-1.0620938413160377,-1.3869025819706466,-3.6119553193948017,0.2818244785439809,0.048,WEAK / UNCERTAIN
33,beta,ponding_area_pct,Ponding area share,New spatial context,819,1.0,573,123,123,linear,0,0.0,0.7004619519990178,0.6907601586235558,0.6833154510407548,0.6865921834523001,0.4772458077034026,0.5519121199192338,-0.0145553850712996,0.0301040873972991,2.124354331847803,0.93554953359322,-1.2390714337810362,2.2855175428521344,0.658,WEAK / UNCERTAIN
34,beta,major_road_length_pct,Major-road share,New spatial context,819,1.0,573,123,123,nonlinear,5,10.0,0.6961520279806488,0.6910450995654237,0.683140355464012,0.6865921834523001,0.5027479297727756,0.5443992618736881,-0.0140355039537896,0.0374481592176194,0.7966406418945132,-0.0366694267262194,-2.6302891125993613,3.4660295211246828,0.619,WEAK / UNCERTAIN
35,beta,building_pre_1973_pct,Pre-1973 building share,Urban / population,819,1.0,573,123,123,linear,0,0.0,0.7015562080363127,0.6924397722454277,0.6859736210375554,0.6865921834523001,0.09009167736726,0.5510158589836324,-0.0224641956168485,-0.0277437412131921,1.4162501754902266,0.404880924395774,-0.3820406657093204,0.5419411111288119,0.663,WEAK / UNCERTAIN
36,beta,hydro_no_groundwater_pct,Essentially no groundwater,Hydrogeology,819,1.0,573,123,123,linear,0,0.0,0.7022047602441627,0.6929406160330962,0.6867944361803487,0.6865921834523001,-0.0294574760568456,0.5518194506809396,-0.0249125585915084,0.077064276280095,-9.610228723731256,-7.577012517490591,-0.116501870061519,0.0598047460842866,0.276,WEAK / UNCERTAIN
37,beta,permit_dwf_l_per_person_day,Permitted DWF per person,Permitting / hydraulics,819,0.6288156288156288,573,123,123,nonlinear,4,10.0,0.7056258505855906,0.6930888409474866,0.6858474171240968,0.6865921834523001,0.1084728818872502,0.5492663407746741,-0.0220880088109787,0.0587797272535659,-0.470799969677184,-0.9530180613606588,-0.5409552374601392,0.7297972131088757,0.637,WEAK / UNCERTAIN
38,beta,hydro_fracture_flow_pct,Fracture flow,Hydrogeology,819,1.0,573,123,123,linear,0,0.0,0.6961211155186187,0.6947637602034057,0.6848866589114614,0.6865921834523001,0.2484043049052872,0.5492232453258019,-0.0192264637237726,0.1537498476238073,0.927630664780178,0.0636208007798884,-1.7562733660698524,2.2567575625573406,0.618,WEAK / UNCERTAIN
1,lambda,population_density_km2_2021,Population density,Urban / population,783,1.0,547,118,118,nonlinear,5,0.1,3.7428270452517305,3.653318182055723,3.861880910499737,4.055575737618555,4.776013065719637,2.2870272897499113,0.0917912087164402,0.1780994014294114,1.7454855645916545,2.8151777547687886,-2.7878640448626726,7.721008997650517,0.928,WEAK / UNCERTAIN
2,lambda,hydro_fracture_flow_pct,Fracture flow,Hydrogeology,783,1.0,547,118,118,nonlinear,5,0.1,3.735535586629017,3.696587344238749,4.10102599292554,4.055575737618555,-1.1206856497685238,2.385608653278784,-0.024172217966940357,0.02575199022453283,0.12243372964127786,-4.0279378610022105,-4.176183472407921,1.2754599045117618,0.156,WEAK / UNCERTAIN
3,lambda,rain_ann_prcptot_mm,Annual PRCPTOT,Annual NIMROD rainfall,783,0.7318007662835249,547,118,118,nonlinear,4,0.1,3.775668638750081,3.7115757204927915,4.068481386442819,4.055575737618555,-0.3182198942693822,2.329798609555777,-0.007981621783954784,0.04009472040777882,0.3484513346258416,-3.0376872017027696,-3.1634277286946055,2.8051122641836232,0.377,WEAK / UNCERTAIN
4,lambda,rain_ann_cdd_days,Annual CDD,Annual NIMROD rainfall,783,0.7318007662835249,547,118,118,nonlinear,3,0.1,3.7994314461445216,3.7403825439378235,4.012945950389187,4.055575737618555,1.051140207639176,2.3033594263399513,0.019348791912565444,-0.10024571242459912,1.3703788719446601,1.4741715140805478,-2.3900752922153417,5.174759440763139,0.695,WEAK / UNCERTAIN
5,lambda,hydro_low_productivity_pct,Low-productivity aquifer,Hydrogeology,783,1.0,547,118,118,nonlinear,3,0.1,3.7883327816722185,3.7440050096135216,3.9824491459696554,4.055575737618555,1.8031124649108288,2.2714292981646924,0.03419727918540583,0.032642779798593674,2.386217258136465,5.947114496263429,-0.3601126452711652,3.91312983305762,0.947,WEAK / UNCERTAIN
6,lambda,overland_flow_1kmplus_length_pct,Long overland-flow path share,New spatial context,783,1.0,547,118,118,nonlinear,3,0.1,3.7278443238820578,3.7465027168558884,4.145393703223348,4.055575737618555,-2.214678541733629,2.3906885679847294,-0.04645248530874069,-0.013969183798310672,-0.0068323737362146995,-4.5835985299441395,-11.07153597771493,1.922745767653679,0.197,WEAK / UNCERTAIN
7,lambda,property_density_km2,Property density,New spatial context,783,1.0,547,118,118,nonlinear,5,0.1,3.7895578536229038,3.7472339828454686,3.966191598496155,4.055575737618555,2.203981503619665,2.287160765738565,0.04206657455176166,0.1410311190969217,2.6564741867057586,6.993941191658227,-0.9814613571048669,3.8644070077003017,0.932,WEAK / UNCERTAIN
8,lambda,sewershed_area_km2,WWTW catchment area,Operations / scale,783,1.0,547,118,118,nonlinear,3,0.1,3.724953640665414,3.7547967515932235,4.073318880740597,4.055575737618555,-0.437499981999136,2.303773001651034,-0.010380061777038208,0.04184523689969488,0.24933969836531286,-3.457642935693967,-2.8729748339895598,1.7231027264458116,0.368,WEAK / UNCERTAIN
9,lambda,overland_flow_path_density_km_per_km2,Overland-flow path density,New spatial context,783,1.0,547,118,118,nonlinear,4,10.0,3.76283493436314,3.756567640258269,3.963817527873052,4.055575737618555,2.2625199400019937,2.2325709314252404,0.043213024946567535,0.2245680540795197,2.828554432124148,7.7962604046628545,-0.037269269145558816,6.492026330102861,0.971,WEAK / UNCERTAIN
10,lambda,rain_ann_r10_days,Annual R10,Annual NIMROD rainfall,783,0.7318007662835249,547,118,118,nonlinear,4,1.0,3.7636399545824046,3.7608254638820515,4.083081577986214,4.055575737618555,-0.6782228257389438,2.3552318884413843,-0.015229107831001842,-0.02713682611793208,0.09284494654361787,-4.151573825275353,-3.657876110613546,1.9684325699015959,0.265,WEAK / UNCERTAIN
11,lambda,rain_ann_cwd_days,Annual CWD,Annual NIMROD rainfall,783,0.7318007662835249,547,118,118,nonlinear,3,0.1,3.836781536980415,3.7639588937788946,4.089757039993965,4.055575737618555,-0.8428224396933994,2.3697157855015067,-0.01855143347888233,0.06342275551319305,-0.06807989331516832,-4.849711345283723,-3.236923616292872,1.0015048537191173,0.143,WEAK / UNCERTAIN
12,lambda,hydro_no_groundwater_pct,Essentially no groundwater,Hydrogeology,783,1.0,547,118,118,nonlinear,4,1.0,3.77007591217125,3.7641146137738626,4.031323852370727,4.055575737618555,0.5979887152118205,2.3295373779496935,0.010346139011047084,0.04750591310351481,1.326841521464441,1.2350458440371723,-0.5910457319624307,1.3241567990629226,0.901,WEAK / UNCERTAIN
13,lambda,landcover_urban_pct,Urban land,Urban / population,783,1.0,547,118,118,nonlinear,4,10.0,3.7392919447448847,3.7722007961307935,4.021359643969298,4.055575737618555,0.8436803024506904,2.2364152664975654,0.015232340583071213,0.19207979008024542,0.9879893820148096,-0.1893586970910105,-2.241948798167564,2.711291231161353,0.78,WEAK / UNCERTAIN
14,lambda,rain_ann_rx1day_mm,Annual Rx1day,Annual NIMROD rainfall,783,0.7318007662835249,547,118,118,nonlinear,3,0.1,3.787138829220242,3.773112048328035,4.11740265356469,4.055575737618555,-1.5244917108227847,2.380838139500588,-0.03236822052875077,-0.01933539100145707,-1.2047237209856774,-9.804322145995704,-3.4947598471787304,-0.6299749508721095,0.003,NO EVIDENCE OVER DUMMY
15,lambda,terrain_mean_slope_deg,Mean terrain slope,Terrain,783,1.0,547,118,118,nonlinear,4,10.0,3.762038113510453,3.77581539931865,4.050919161127592,4.055575737618555,0.11481912291194288,2.275072316655173,0.0007018112277128452,0.1493650915385711,0.6556177493994938,-1.6848444913213636,-1.3639375845041555,2.241832386613533,0.554,WEAK / UNCERTAIN
16,lambda,overland_flow_mean_slope_pct,Overland-flow mean slope,New spatial context,783,1.0,547,118,118,nonlinear,5,10.0,3.7722193075134145,3.77980865615123,4.073129261925579,4.055575737618555,-0.4328244728412205,2.322427314343266,-0.010285994694977374,0.087367932831542,-0.06434363516689943,-4.835250586936866,-2.3569359899407476,1.2128530014227776,0.298,WEAK / UNCERTAIN
17,lambda,rain_winter_mean_mm_1991_2020,Mean winter rainfall,Static rainfall,783,1.0,547,118,118,nonlinear,3,0.1,3.7728062490146157,3.781275644520992,4.047383688406479,4.055575737618555,0.20199472878999658,2.2950162066559545,0.002445341336626883,0.09256844850065189,0.6601300516048543,-1.6538682266679003,-2.0787019950911234,4.075750735207459,0.544,WEAK / UNCERTAIN
18,lambda,continuous_land_cover_pct,Continuous urban land,Urban / population,783,1.0,547,118,118,nonlinear,4,10.0,3.7447220261901735,3.7819837178851645,4.026618782742798,4.055575737618555,0.7140035533588805,2.2390864126045247,0.012654895733612892,0.18737594428457366,1.058882743780062,0.11954612549266747,-1.3577030073225866,3.2504158613613994,0.75,WEAK / UNCERTAIN
19,lambda,landcover_suburban_pct,Suburban land,Urban / population,783,1.0,547,118,118,nonlinear,5,0.1,3.7892184474452875,3.785284525177744,4.100471894444224,4.055575737618555,-1.107023015480227,2.322646969838446,-0.02389548042174705,-0.022040106785869498,-1.7354886692940186,-12.245130815321163,-2.1620451891154975,-0.230318831429368,0.009,NO EVIDENCE OVER DUMMY
20,lambda,hydro_intergranular_flow_pct,Intergranular flow,Hydrogeology,783,1.0,547,118,118,nonlinear,3,0.1,3.764511835148357,3.7856634870055337,4.018013352872548,4.055575737618555,0.9261911791607587,2.2587326057658297,0.016870566694082934,0.2408875196054055,1.276405454937893,1.0429769235983746,-0.9141944238167531,2.8530801877854577,0.856,WEAK / UNCERTAIN
21,lambda,capacity_ratio_latest,Treatment capacity utilisation,Operations / scale,783,1.0,547,118,118,nonlinear,5,0.1,3.7894922328154492,3.794945923357397,4.063576062652039,4.055575737618555,-0.19726730681603277,2.335086096310851,-0.005552462100026689,0.030123472146323316,0.24375298253907263,-3.4814627091022197,-2.6949178185710125,1.461208421050017,0.42,WEAK / UNCERTAIN
22,lambda,rain_mean_annual_mm_1991_2020,Mean annual rainfall,Static rainfall,783,1.0,547,118,118,nonlinear,5,10.0,3.7853379096349613,3.7956160641256234,4.035100390678326,4.055575737618555,0.5048690559592894,2.2809786223530146,0.008491057910923638,0.0685452799111822,1.4348033795280488,1.8049700817601588,-0.6490863526017494,2.325245367361532,0.801,WEAK / UNCERTAIN
23,lambda,sensor_distance_to_watercourse_m,Sensor distance to watercourse,New spatial context,783,1.0,547,118,118,nonlinear,3,0.1,3.781651401617837,3.7966211439314677,4.083521618221718,4.055575737618555,-0.6890730789205655,2.341725175605035,-0.015447945353691095,0.05922525463901337,-0.9764486575504787,-8.833080270958348,-1.8549958563952882,-0.1749664896267088,0.007,NO EVIDENCE OVER DUMMY
24,lambda,wwtw_distance_to_watercourse_m,WWTW distance to watercourse,New spatial context,783,1.0,547,118,118,nonlinear,4,0.1,4.134374602337507,3.796713828555046,4.087053699982814,4.055575737618555,-0.7761650725019648,2.3450336179381,-0.01720534823013664,0.09440908045095484,-0.22634594940487923,-5.544363703866766,-2.9652683539220988,0.2421567260372053,0.068,WEAK / UNCERTAIN
25,lambda,rain_ann_rx5day_mm,Annual Rx5day,Annual NIMROD rainfall,783,0.7318007662835249,547,118,118,nonlinear,5,10.0,3.7917150727203186,3.7971031192324243,4.07469140901122,4.055575737618555,-0.471342976420162,2.3246797805951145,-0.011061083263653071,-0.07644010429215425,-0.5958243293669919,-7.176123311200055,-1.6649993853899856,0.8469941414047911,0.208,WEAK / UNCERTAIN
26,lambda,watercourse_density_km_per_km2,Watercourse density,New spatial context,783,1.0,547,118,118,linear,0,0.0,3.7707851503002403,3.799476676596651,4.035679058046967,4.055575737618555,0.4906006165050925,2.299154837739891,0.008206656059412287,0.10595342015546622,4.391661902198765,14.676264794858964,-0.1687603083408278,1.5699628666602163,0.923,WEAK / UNCERTAIN
27,lambda,hydro_moderate_productivity_pct,Moderate-productivity aquifer,Hydrogeology,783,1.0,547,118,118,linear,0,0.0,3.755404817039652,3.7995556265632664,4.050888972708143,4.055575737618555,0.11556349119407515,2.3026718588417427,0.0007167051909202637,-0.026091056109956205,1.1748552511061412,0.6001224990487911,-0.7429764982058926,0.6196218724458125,0.67,WEAK / UNCERTAIN
28,lambda,rain_ann_sdii_mm_per_wet_day,Annual SDII,Annual NIMROD rainfall,783,0.7318007662835249,547,118,118,nonlinear,4,10.0,3.7697768623785946,3.801271431683052,4.080571935790754,4.055575737618555,-0.6163415453036803,2.3593525221258465,-0.013981482112901844,-0.0536350132499029,-0.37414743144091345,-6.1849932984762885,-2.53198797680696,0.8670748848675262,0.197,WEAK / UNCERTAIN
29,lambda,building_pre_1973_pct,Pre-1973 building share,Urban / population,783,1.0,547,118,118,nonlinear,5,10.0,3.7728532066227403,3.8016962331078625,4.055375438007337,4.055575737618555,0.004938869945396508,2.2945950079014477,-0.0014979852212648748,0.048670837304935016,0.47462446674970005,-2.462437716198038,-0.7659477523285914,0.7011343302222196,0.506,WEAK / UNCERTAIN
30,lambda,road_density_km_per_km2,Road density,New spatial context,783,1.0,547,118,118,linear,0,0.0,3.7639725286488845,3.8048839339042373,4.047518500042186,4.055575737618555,0.1986706228078102,2.3037890421532077,0.0023788864485904115,-0.06845032667565071,7.504807575037225,28.405952036440063,-0.3480787882807409,0.5725274965025898,0.774,WEAK / UNCERTAIN
31,lambda,permit_flow_headroom_ratio,Permitted-flow headroom ratio,Permitting / hydraulics,783,0.05491698595146871,547,118,118,linear,0,0.0,3.814847379062357,3.8060737326600753,4.066393713938744,4.055575737618555,-0.26674329417262427,2.329966755837088,-0.0069474297036820065,-0.006002354673871078,-1.3411891512233869,-10.409196569269493,-0.9405699006657134,-0.04725061779686623,0.011,NO EVIDENCE OVER DUMMY
32,lambda,online_ponding_area_pct,Online ponding share,New spatial context,783,1.0,547,118,118,nonlinear,3,10.0,3.7569210778782343,3.8076470467181363,4.054251457163077,4.055575737618555,0.0326533281870222,2.2990327431699935,-0.0009429152532494101,0.04838597759834051,0.5156248761436941,-2.2744412069614324,-1.6228199794937699,0.9146962443209029,0.557,WEAK / UNCERTAIN
33,lambda,rain_ann_r20_days,Annual R20,Annual NIMROD rainfall,783,0.7318007662835249,547,118,118,linear,0,0.0,3.7646355889495573,3.8135435891495657,4.059541446621498,4.055575737618555,-0.09778411893922953,2.314009215487282,-0.003556681059768252,-0.07099983992936516,-2.9963622904362976,-17.689442697811277,-0.497487265299157,0.1970459446437514,0.219,WEAK / UNCERTAIN
34,lambda,ponding_area_pct,Ponding area share,New spatial context,783,1.0,547,118,118,linear,0,0.0,3.758093033486444,3.815707210005839,4.051036519664137,4.055575737618555,0.11192536517843248,2.3054538663856428,0.0006439093703135557,-0.024611148240260904,3.4404583670288713,10.546759306971525,-0.32293423191128434,0.36337524799723453,0.769,WEAK / UNCERTAIN
35,lambda,major_road_length_pct,Major-road share,New spatial context,783,1.0,547,118,118,linear,0,0.0,3.755716352071046,3.820909351180157,4.0073412437005675,4.055575737618555,1.1893377670296132,2.2776646655557986,0.022086144599605673,0.246730480583025,7.596076280236671,28.697033471847142,0.06883156621723359,2.4183644714693315,0.981,WEAK / UNCERTAIN
36,lambda,hydro_high_productivity_pct,High-productivity aquifer,Hydrogeology,783,1.0,547,118,118,linear,0,0.0,3.76480943747258,3.821098859321227,4.066044688080808,4.055575737618555,-0.25813721995488276,2.3129613581417705,-0.006774580918025741,-0.09339390066261717,-3.016105697530335,-17.795997372288205,-0.7187490792507351,0.11222764300784108,0.085,WEAK / UNCERTAIN
37,lambda,overland_flow_max_accumulation,Maximum flow accumulation,New spatial context,783,1.0,547,118,118,nonlinear,4,0.1,3.784088317461592,3.8261912475091027,4.070561968427188,4.055575737618555,-0.36952166050369445,2.3392820014397837,-0.009012829472783812,0.004408182349027877,-0.08189631493547009,-4.912314835153387,-2.556329860725933,1.0892541872425643,0.288,WEAK / UNCERTAIN
38,lambda,permit_dwf_l_per_person_day,Permitted DWF per person,Permitting / hydraulics,783,0.6309067688378033,547,118,118,linear,0,0.0,3.7718964246737117,3.887311825996652,4.082430924864999,4.055575737618555,-0.6621794039584097,2.331466548706818,-0.014905573096890778,0.111563997091952,0.2619281970783745,-3.4171908021206034,-5.77467597828745,2.273720453851626,0.336,WEAK / UNCERTAIN
1,duration,landcover_suburban_pct,Suburban land,Urban / population,1228,1.0,858,185,185,linear,0,0.0,1.4730950082091443,1.474296598840273,1.6311876765991622,1.6313982825155096,0.012909534023943015,1.2591011032875774,-0.0002669268018122839,0.06627307531935864,0.500698192162558,2.6843490862384196,-2.6730452161263014,2.7454780029898487,0.503,WEAK / UNCERTAIN
2,duration,road_density_km_per_km2,Road density,New spatial context,1228,1.0,858,185,185,nonlinear,3,1.0,1.4816867794179305,1.480829211718346,1.6289330939278688,1.6313982825155096,0.15110893606186815,1.2551406713904876,0.002496245070111258,-0.07854516508092946,0.560204779900583,2.3731603517158724,-2.258284085549712,2.7090297207559466,0.537,WEAK / UNCERTAIN
3,duration,rain_winter_mean_mm_1991_2020,Mean winter rainfall,Static rainfall,1228,1.0,858,185,185,nonlinear,3,10.0,1.490422537058505,1.4840937233276665,1.620096904254158,1.6313982825155096,0.6927418265958692,1.2365090379805541,0.013288862848097716,0.14227690814799093,0.8826457045017777,0.6694151565489666,-1.3259386828942343,2.83525693208749,0.757,WEAK / UNCERTAIN
4,duration,property_density_km2,Property density,New spatial context,1228,1.0,858,185,185,nonlinear,5,0.1,1.4946100682825392,1.4874474029118874,1.6325870259380633,1.6313982825155096,-0.07286653635069062,1.2560203219447277,-0.0019838638213536264,-0.023316022895265534,0.45174989418401024,2.9477388237146536,-2.0538653668250446,2.0395376806731003,0.453,WEAK / UNCERTAIN
5,duration,capacity_ratio_latest,Treatment capacity utilisation,Operations / scale,1228,1.0,858,185,185,linear,0,0.0,1.4887515276615813,1.494105476624512,1.6256388769310073,1.6313982825155096,0.35303491772846834,1.259796411882787,0.006526700559882803,0.05930953149949227,0.7647318841468284,1.284743527451652,-1.130403928092464,1.9161007987893681,0.659,WEAK / UNCERTAIN
6,duration,rain_mean_annual_mm_1991_2020,Mean annual rainfall,Static rainfall,1228,1.0,858,185,185,nonlinear,5,10.0,1.4938423073642768,1.4962149907359024,1.612039048754784,1.6313982825155096,1.1866650816178925,1.2464250699245027,0.02307963944361968,0.13902808839695238,1.0512263600528813,-0.22025567305686727,-1.0434598422160377,3.5612371664906353,0.868,WEAK / UNCERTAIN
7,duration,rain_ann_cdd_days,Annual CDD,Annual NIMROD rainfall,1228,0.6392508143322475,858,185,185,nonlinear,3,1.0,1.4979996098255985,1.4989688068386575,1.6206810513787524,1.6313982825155096,0.6569352960352444,1.2459461047569258,0.012577191362844742,0.07954142389887975,0.917695716017457,0.480045795842698,-0.9571504927708512,2.591835269054803,0.768,WEAK / UNCERTAIN
8,duration,rain_ann_rx5day_mm,Annual Rx5day,Annual NIMROD rainfall,1228,0.6392508143322475,858,185,185,nonlinear,3,0.1,1.5001927615635766,1.4989731400637931,1.634168669536149,1.6313982825155096,-0.16981671798548909,1.2592271187201682,-0.00392623994371899,0.007998010460684414,0.32480119847089545,3.620192576426677,-1.568189555534681,1.180804360371801,0.413,WEAK / UNCERTAIN
9,duration,continuous_land_cover_pct,Continuous urban land,Urban / population,1228,1.0,858,185,185,nonlinear,5,0.1,1.4827359097194126,1.499157587981271,1.6265156594715442,1.6313982825155096,0.2992906818828248,1.2680961098913794,0.005454758989870689,0.0551174237471589,0.6915561709755967,1.6833254537584867,-1.6541499502381394,2.1146028522801075,0.62,WEAK / UNCERTAIN
10,duration,hydro_low_productivity_pct,Low-productivity aquifer,Hydrogeology,1228,1.0,858,185,185,nonlinear,5,0.1,1.4980313267127519,1.5046844201254694,1.642101002005777,1.6313982825155096,-0.6560457740438748,1.2683383369978152,-0.013696105694351646,-0.06260162566816957,-0.506712022312077,8.03774582592346,-2.110721365022351,0.7621859775003428,0.173,WEAK / UNCERTAIN
11,duration,rain_ann_prcptot_mm,Annual PRCPTOT,Annual NIMROD rainfall,1228,0.6392508143322475,858,185,185,nonlinear,4,0.1,1.5020070940149286,1.5062342343913058,1.6376120907494653,1.6313982825155096,-0.38088848692267224,1.2597497188855749,-0.008161522511500818,0.010374639998892168,0.20020266846351914,4.285040938374619,-1.7737049644662721,0.984060151512926,0.322,WEAK / UNCERTAIN
12,duration,rain_ann_r10_days,Annual R10,Annual NIMROD rainfall,1228,0.6392508143322475,858,185,185,linear,0,0.0,1.4957947194911647,1.5073761457110992,1.6295602493019599,1.6313982825155096,0.11266612410033726,1.252484040483551,0.0017279995576896523,0.07833729491871248,0.6842412804815671,1.7180766830425562,-0.772999418957495,0.9772221733885771,0.621,WEAK / UNCERTAIN
13,duration,rain_ann_sdii_mm_per_wet_day,Annual SDII,Annual NIMROD rainfall,1228,0.6392508143322475,858,185,185,nonlinear,4,0.1,1.4984971176585533,1.5077048767161536,1.6329163498845038,1.6313982825155096,-0.09305314252590303,1.2541942002166555,-0.0023881431111145712,0.06711010091591074,0.44023135233166566,3.013752334659109,-1.597794141394285,1.2984097463666906,0.463,WEAK / UNCERTAIN
14,duration,rain_ann_r20_days,Annual R20,Annual NIMROD rainfall,1228,0.6392508143322475,858,185,185,nonlinear,4,0.1,1.503794158944319,1.5079748307820713,1.6363031535109627,1.6313982825155096,-0.3006544170127557,1.2599559852656033,-0.006550527107942683,-0.004081189065824592,-0.02720039760507786,5.491550558089134,-1.3276779505856735,0.663268201482863,0.298,WEAK / UNCERTAIN
15,duration,rain_ann_cwd_days,Annual CWD,Annual NIMROD rainfall,1228,0.6392508143322475,858,185,185,nonlinear,4,1.0,1.4915675074643329,1.5080991902346683,1.6287775100577249,1.6313982825155096,0.1606457776664833,1.2565799446736317,0.0026867846124408734,0.13720279403085966,0.793916500140496,1.1241852331055284,-0.518692915132325,0.7722201030033439,0.672,WEAK / UNCERTAIN
16,duration,building_pre_1973_pct,Pre-1973 building share,Urban / population,1228,1.0,858,185,185,nonlinear,4,0.1,1.500827178495206,1.508279220833475,1.6422572825075077,1.6313982825155096,-0.665625317151509,1.2610542980412722,-0.013889063952523983,0.058303324362230395,-0.02570574634480124,5.484232478242326,-2.880597605300071,0.6530834705732449,0.308,WEAK / UNCERTAIN
17,duration,landcover_urban_pct,Urban land,Urban / population,1228,1.0,858,185,185,nonlinear,5,0.1,1.4967028861185987,1.509670464964312,1.6349755149139533,1.6313982825155096,-0.21927400787304405,1.2623387662325274,-0.004917830624880937,-0.002573826947100918,0.05156808622318264,5.074290531359178,-1.2053214962532544,0.7282747615703785,0.361,WEAK / UNCERTAIN
18,duration,sewershed_area_km2,WWTW catchment area,Operations / scale,1228,1.0,858,185,185,nonlinear,5,10.0,1.4971007126131695,1.5124969901240681,1.6182233963885087,1.6313982825155096,0.8075824443486659,1.2396836593177671,0.015569642706312892,0.1575755278420075,1.9875505293391214,-5.218495993935923,-0.15397843073317413,1.7433854073138295,0.939,WEAK / UNCERTAIN
19,duration,hydro_no_groundwater_pct,Essentially no groundwater,Hydrogeology,1228,1.0,858,185,185,nonlinear,5,10.0,1.5001898718798568,1.5127670902904162,1.608629790720793,1.6313982825155096,1.395642746393548,1.2254341106691824,0.027207395182673344,0.22880894371510577,2.0122178042471135,-5.321601157559102,-0.0718603893219924,2.995078644651122,0.965,WEAK / UNCERTAIN
20,duration,sensor_distance_to_watercourse_m,Sensor distance to watercourse,New spatial context,1228,1.0,858,185,185,nonlinear,5,0.1,1.5017796678956294,1.5136205974174126,1.6270911233272911,1.6313982825155096,0.26401641060802683,1.2493709847025072,0.004750891086112929,-0.014125696524013498,0.7990901697304311,1.098539307916902,-1.2280494016570933,1.7204797752855936,0.624,WEAK / UNCERTAIN
21,duration,hydro_intergranular_flow_pct,Intergranular flow,Hydrogeology,1228,1.0,858,185,185,nonlinear,3,10.0,1.4945688542702504,1.5139224143076482,1.6413161889264738,1.6313982825155096,-0.6079390003814075,1.2589945682297567,-0.012727381055801734,-0.070614551577757,-0.6031529290065953,8.541500979347918,-1.9034646489464824,0.6974460800084052,0.185,WEAK / UNCERTAIN
22,duration,ponding_area_pct,Ponding area share,New spatial context,1228,1.0,858,185,185,nonlinear,4,0.1,1.4994341280521852,1.5142131896605504,1.6242903646805382,1.6313982825155096,0.4356948215006938,1.246227536034184,0.008174243898381395,0.125023691292976,1.5292475108226153,-2.7736851790759025,-0.1962050890319682,1.1178804730966374,0.9,WEAK / UNCERTAIN
23,duration,online_ponding_area_pct,Online ponding share,New spatial context,1228,1.0,858,185,185,nonlinear,5,1.0,1.4963583636251874,1.5153158110629004,1.6354289678459761,1.6313982825155096,-0.2470693621334162,1.2536568794513556,-0.0054753265914737614,-0.014369249824330594,0.11874336211077546,4.71732374037729,-1.0117278175247788,0.4673831923964647,0.26,WEAK / UNCERTAIN
24,duration,wwtw_distance_to_watercourse_m,WWTW distance to watercourse,New spatial context,1228,1.0,858,185,185,linear,0,0.0,1.498952364146152,1.5160163102833073,1.6293958166123501,1.6313982825155096,0.12274537276524365,1.250255380468322,0.0019294530090293582,0.02842955157120655,1.9015412351145753,-4.758824228626564,-0.43196242339865787,0.7770547472027457,0.622,WEAK / UNCERTAIN
25,duration,hydro_high_productivity_pct,High-productivity aquifer,Hydrogeology,1228,1.0,858,185,185,nonlinear,4,10.0,1.5029188405393026,1.5160329662660912,1.629942766064844,1.6313982825155096,0.08921895200362963,1.246131057304427,0.0012592834216214044,0.015511038349140685,0.7411975169308284,1.4157050486194034,-0.8362344393429216,0.9564604631252449,0.573,WEAK / UNCERTAIN
26,duration,terrain_mean_slope_deg,Mean terrain slope,Terrain,1228,1.0,858,185,185,nonlinear,4,0.1,1.5010561114619374,1.5164623661315484,1.6151966789617052,1.6313982825155096,0.9931114754407235,1.2333298901605212,0.019248746613258705,0.18045942155339068,3.389522212586477,-12.652203624283894,0.22626641990412924,1.7719186755802852,0.994,WEAK / UNCERTAIN
27,duration,major_road_length_pct,Major-road share,New spatial context,1228,1.0,858,185,185,linear,0,0.0,1.5001958384897591,1.5177521259168016,1.6359549075988946,1.6313982825155096,-0.2793079490287951,1.2535278637578482,-0.0061221348443569745,-0.11839209267920278,-4.193717716881997,27.620925632937652,-0.5824632104244274,0.03142885733611788,0.039,WEAK / UNCERTAIN
28,duration,population_density_km2_2021,Population density,Urban / population,1228,1.0,858,185,185,nonlinear,5,0.1,1.5012093340441754,1.5177551536530043,1.6360720191424143,1.6313982825155096,-0.28648654819582975,1.247962915531365,-0.006266188611453449,-0.012637883325120353,-0.26369955246316185,6.747816763435708,-1.1015654294092894,0.4826739251183676,0.239,WEAK / UNCERTAIN
29,duration,rain_ann_rx1day_mm,Annual Rx1day,Annual NIMROD rainfall,1228,0.6392508143322475,858,185,185,nonlinear,3,10.0,1.502789166408697,1.5181598061480088,1.6327889865872283,1.6313982825155096,-0.08524614048105605,1.2556131296138804,-0.0022317817883830138,-0.016759033844364276,0.2820502172067498,3.8510602462105816,-0.8341122617955953,0.6912665006301194,0.422,WEAK / UNCERTAIN
30,duration,overland_flow_mean_slope_pct,Overland-flow mean slope,New spatial context,1228,1.0,858,185,185,nonlinear,4,10.0,1.501959132642892,1.5181752147544507,1.6295180508084788,1.6313982825155096,0.11525276979767214,1.249991812047615,0.0017797006581392605,0.0499128160418483,2.961404443414933,-10.366052509693013,-0.1895161504375582,0.4243724711276221,0.782,WEAK / UNCERTAIN
31,duration,hydro_fracture_flow_pct,Fracture flow,Hydrogeology,1228,1.0,858,185,185,linear,0,0.0,1.4942324871469266,1.5186881149496785,1.6155937707275623,1.6313982825155096,0.9687708977833273,1.2297446349063708,0.018766457212159526,0.23667189188359936,3.3541862353491916,-12.517525634505136,0.1681818817211202,1.8286488890064023,0.992,WEAK / UNCERTAIN
32,duration,overland_flow_1kmplus_length_pct,Long overland-flow path share,New spatial context,1228,1.0,858,185,185,linear,0,0.0,1.4991979996882476,1.5187064805217352,1.6282081217957254,1.6313982825155096,0.19554763260294444,1.2490410989425695,0.0033839445116387035,0.14659044822695041,9.888148739699252,-47.17146646779746,-0.01223397708141419,0.4033410101987523,0.964,WEAK / UNCERTAIN
33,duration,permit_flow_headroom_ratio,Permitted-flow headroom ratio,Permitting / hydraulics,1228,0.04804560260586319,858,185,185,linear,0,0.0,1.5012605810963842,1.5187993295472049,1.6310134798674245,1.6313982825155096,0.023587290253346778,1.2499891155870977,-5.329850118340751e-05,-0.01767290385696214,2.812714590521306,-9.596412065094967,-0.10254584390755159,0.1613867587618775,0.657,WEAK / UNCERTAIN
34,duration,watercourse_density_km_per_km2,Watercourse density,New spatial context,1228,1.0,858,185,185,linear,0,0.0,1.4973248937115249,1.5191043939287634,1.6304889822951754,1.6313982825155096,0.05573747564157758,1.2499302149493297,0.0005897877710018262,0.06975999335721583,4.243247294150481,-17.19292953468664,-0.10330870829111262,0.22015493699167799,0.751,WEAK / UNCERTAIN
35,duration,overland_flow_max_accumulation,Maximum flow accumulation,New spatial context,1228,1.0,858,185,185,linear,0,0.0,1.4984856608213744,1.5192950061653407,1.6314295575384803,1.6313982825155096,-0.001917068523727367,1.251340117289323,-0.0005635982955463081,0.07050785137206189,-10.841907792581065,62.91678744302053,-0.01642169351718776,0.012698444345162907,0.418,WEAK / UNCERTAIN
36,duration,overland_flow_path_density_km_per_km2,Overland-flow path density,New spatial context,1228,1.0,858,185,185,nonlinear,4,10.0,1.499741065094788,1.5193527385964287,1.6401360873007307,1.6313982825155096,-0.5356021812005344,1.2633345411691355,-0.011271608435616143,-0.030745612372540844,-0.6312756737310404,8.694521339856925,-1.8994944466545214,0.4184654611466493,0.201,WEAK / UNCERTAIN
37,duration,hydro_moderate_productivity_pct,Moderate-productivity aquifer,Hydrogeology,1228,1.0,858,185,185,linear,0,0.0,1.4997487061290948,1.5222362999477779,1.63140617468639,1.6313982825155096,-0.00048376726670359965,1.2512018665918803,-0.0005349168696728857,-0.050198702222348186,-68.03542994998335,366.61112597531525,-0.003890904340568576,0.003007585001406156,0.386,WEAK / UNCERTAIN
38,duration,permit_dwf_l_per_person_day,Permitted DWF per person,Permitting / hydraulics,1228,0.6148208469055375,858,185,185,linear,0,0.0,1.4971256206384482,1.5241955927592548,1.6397241826083522,1.6313982825155096,-0.5103536139565272,1.2604058881066205,-0.010763729585781423,-0.13919962204800373,-1.993225396419668,15.931986331124532,-1.0670952792162545,0.08133880661408098,0.043,WEAK / UNCERTAIN
1,frequency,road_density_km_per_km2,Road density,New spatial context,967,1.0,676,145,146,nonlinear,5,1.0,1.481755732813389,1.341282526758067,1.3946156530508016,1.3911935200580428,-0.24598540342655312,1.0782884524508005,-0.006259059709080361,0.09941280871146513,0.4103620830321464,2.617247058509734,-2.365883530935622,1.7282951099789545,0.403,WEAK / UNCERTAIN
2,frequency,population_density_km2_2021,Population density,Urban / population,967,1.0,676,145,146,nonlinear,5,0.1,1.479122836156897,1.3457266954545328,1.3864430127170104,1.3911935200580428,0.34146991576226793,1.072717250113672,0.005500018252225458,0.12738127718896772,0.7635321318106764,1.067522051545382,-1.6438270996714408,2.2249517055930323,0.616,WEAK / UNCERTAIN
3,frequency,hydro_intergranular_flow_pct,Intergranular flow,Hydrogeology,967,1.0,676,145,146,linear,0,0.0,1.4663501123992726,1.3512551403649946,1.3498576669193383,1.3911935200580428,2.9712511266570503,1.0468403962529713,0.057293095528349935,0.24674335469467856,1.6642501909993537,-2.83086313327637,0.20909779218277866,5.706893566613956,0.981,WEAK / UNCERTAIN
4,frequency,hydro_no_groundwater_pct,Essentially no groundwater,Hydrogeology,967,1.0,676,145,146,nonlinear,4,10.0,1.4840166710302891,1.3538267133408945,1.3919090393209919,1.3911935200580428,-0.05143204397036382,1.0875687513001824,-0.002357035953023834,0.01178925552660637,0.4153544625545386,2.5841125808157774,-1.655719283519788,1.5022493010711047,0.497,WEAK / UNCERTAIN
5,frequency,rain_ann_cdd_days,Annual CDD,Annual NIMROD rainfall,967,0.671147880041365,676,145,146,nonlinear,4,10.0,1.4746540561261994,1.3543406817137718,1.3789360874818406,1.3911935200580428,0.881073150462256,1.0678631511830785,0.016240345140142498,0.15663011321008008,0.9687769577511898,0.17727188999186025,-1.187639709979095,2.963136674080515,0.792,WEAK / UNCERTAIN
6,frequency,property_density_km2,Property density,New spatial context,967,1.0,676,145,146,nonlinear,5,1.0,1.4814336477494847,1.355393817462801,1.393020924531306,1.3911935200580428,-0.1313551599339758,1.070480330615123,-0.003959081887396243,0.12883696405650633,0.2181544870636251,3.44567136183537,-1.6529916002960579,1.3227159182184904,0.43,WEAK / UNCERTAIN
7,frequency,sewershed_area_km2,WWTW catchment area,Operations / scale,967,1.0,676,145,146,nonlinear,5,0.1,1.5181283830111443,1.3568329052278858,1.3926676641071352,1.3911935200580428,-0.10596254423546364,1.0877191344610273,-0.0034499523612807614,0.16677544153009097,0.5143001476629476,2.183959572584541,-3.0349587117855163,2.7566832231267995,0.492,WEAK / UNCERTAIN
8,frequency,rain_ann_cwd_days,Annual CWD,Annual NIMROD rainfall,967,0.671147880041365,676,145,146,nonlinear,3,10.0,1.4556355606476408,1.3570189436610396,1.3574026692768073,1.3911935200580428,2.428910880768453,1.055228126649702,0.04672516053699438,0.19841357280343316,1.1008621742745615,-0.42623823794754057,-0.9568857931598622,5.651073151399635,0.926,WEAK / UNCERTAIN
9,frequency,rain_ann_rx1day_mm,Annual Rx1day,Annual NIMROD rainfall,967,0.671147880041365,676,145,146,nonlinear,5,10.0,1.4671093399278337,1.359406699300307,1.3906391403950655,1.3911935200580428,0.0398492125634752,1.096719765264771,-0.00052888277621288,0.02850828869859346,0.49625556647485836,2.2287992493972624,-2.286841594983652,1.9810333803477043,0.524,WEAK / UNCERTAIN
10,frequency,terrain_mean_slope_deg,Mean terrain slope,Terrain,967,1.0,676,145,146,nonlinear,4,10.0,1.4747307480209342,1.3595681156690547,1.393348836003753,1.3911935200580428,-0.15492567458337822,1.0932317367678566,-0.004431793305198939,0.0004068210980803153,0.36529105368996495,2.8063200330741944,-2.089121668635815,1.6728057977634068,0.451,WEAK / UNCERTAIN
11,frequency,sensor_distance_to_watercourse_m,Sensor distance to watercourse,New spatial context,967,1.0,676,145,146,nonlinear,3,10.0,1.476107720695109,1.360790716626193,1.4083260370948956,1.3911935200580428,-1.2314977600052377,1.0865069774366,-0.026141258694008185,-0.004048930360041053,-2.1541371533802742,13.826794975617938,-2.573287301274097,-0.025770175491619134,0.022,NO EVIDENCE OVER DUMMY
12,frequency,hydro_moderate_productivity_pct,Moderate-productivity aquifer,Hydrogeology,967,1.0,676,145,146,nonlinear,4,0.1,1.4834162071962114,1.3611234690215974,1.396376617358689,1.3911935200580428,-0.3725647960486401,1.0820513168321473,-0.008801846343632347,0.056068127748053365,0.24571154826168265,3.332595837807682,-2.4676932062843884,1.7336522104139418,0.363,WEAK / UNCERTAIN
13,frequency,major_road_length_pct,Major-road share,New spatial context,967,1.0,676,145,146,nonlinear,5,10.0,1.4738735764965283,1.3613916616793305,1.4016054809917908,1.3911935200580428,-0.7484193092930503,1.094243991390762,-0.016371098617760982,-0.035063701812128215,-0.0979600424970492,4.824139072499326,-2.700397358485059,0.8881418090473165,0.198,WEAK / UNCERTAIN
14,frequency,rain_ann_rx5day_mm,Annual Rx5day,Annual NIMROD rainfall,967,0.671147880041365,676,145,146,nonlinear,5,10.0,1.455778077016738,1.362077731517898,1.375806716100577,1.3911935200580428,1.1060146367576433,1.0924396107167533,0.020700386606229637,0.2047066554018236,0.7940990678392134,0.9291963558856894,-1.4321126156885362,3.706935261736793,0.786,WEAK / UNCERTAIN
15,frequency,capacity_ratio_latest,Treatment capacity utilisation,Operations / scale,967,1.0,676,145,146,nonlinear,5,10.0,1.4868197823658142,1.3639794179653988,1.4026629280568632,1.3911935200580428,-0.8244293718635158,1.0955608051488872,-0.017905287914096624,0.1667780265488862,-0.0353439068435972,4.554002632164317,-3.1843710871977158,1.0518279643738726,0.229,WEAK / UNCERTAIN
16,frequency,rain_ann_prcptot_mm,Annual PRCPTOT,Annual NIMROD rainfall,967,0.671147880041365,676,145,146,nonlinear,4,0.1,1.4656619693452042,1.3639917200118228,1.3982787426879906,1.3911935200580428,-0.509290945349732,1.1093061080687299,-0.011552070671375203,0.16871275067689864,0.2905253330047911,3.1305819446734136,-2.9923617195033754,1.5909297676575207,0.314,WEAK / UNCERTAIN
17,frequency,rain_ann_r10_days,Annual R10,Annual NIMROD rainfall,967,0.671147880041365,676,145,146,nonlinear,4,10.0,1.4577876541564616,1.3652444366008532,1.4032558144892289,1.3911935200580428,-0.8670464789602282,1.1225138838603261,-0.0187659790589656,0.11498301188233635,0.24299005129014145,3.3368644187603262,-3.911809268944822,1.8295606183109852,0.246,WEAK / UNCERTAIN
18,frequency,hydro_fracture_flow_pct,Fracture flow,Hydrogeology,967,1.0,676,145,146,nonlinear,3,10.0,1.4788112613109388,1.365637284694548,1.3847355553675524,1.3911935200580428,0.46420318937518323,1.0761472457936074,0.007948039080572844,0.13283514634133142,1.0142507404632517,-0.01532845615107337,-0.9421914637683856,1.8767245416940606,0.763,WEAK / UNCERTAIN
19,frequency,landcover_urban_pct,Urban land,Urban / population,967,1.0,676,145,146,linear,0,0.0,1.4777510634049602,1.3656491717063366,1.3919257423791211,1.3911935200580428,-0.05263267191237645,1.0834188666113493,-0.0023810928817746824,0.08738338614722592,0.44619693061117865,2.4630913127021308,-1.3098956736523568,1.2386530035510246,0.481,WEAK / UNCERTAIN
20,frequency,hydro_low_productivity_pct,Low-productivity aquifer,Hydrogeology,967,1.0,676,145,146,nonlinear,3,0.1,1.478958941630846,1.3663021758266354,1.39006338626034,1.3911935200580428,0.08123483767057939,1.0779611751676184,0.00029942612749289665,0.10826399393575958,0.6090475387707055,1.749057862505934,-1.0622327555287372,1.2061946968179764,0.554,WEAK / UNCERTAIN
21,frequency,overland_flow_mean_slope_pct,Overland-flow mean slope,New spatial context,967,1.0,676,145,146,nonlinear,4,10.0,1.4773174525350217,1.3664391530576891,1.3884877030955138,1.3911935200580428,0.19449608724572168,1.0902513416805095,0.0025645294348606296,0.00456179487231292,0.7519248007493633,1.1261628928364162,-1.1738796619343863,1.5276031986020606,0.615,WEAK / UNCERTAIN
22,frequency,rain_ann_r20_days,Annual R20,Annual NIMROD rainfall,967,0.671147880041365,676,145,146,nonlinear,5,10.0,1.4654718484975686,1.3668276253726122,1.3919497410778658,1.3911935200580428,-0.05435771579726293,1.1003270644779335,-0.002415658014842892,0.06303546055670035,0.4641904094443477,2.366826112146966,-2.560240282470357,2.340025379006706,0.463,WEAK / UNCERTAIN
23,frequency,rain_ann_sdii_mm_per_wet_day,Annual SDII,Annual NIMROD rainfall,967,0.671147880041365,676,145,146,nonlinear,4,0.1,1.4634706047706492,1.3677361012881053,1.3926753310308453,1.3911935200580428,-0.1065136482766761,1.103922676113147,-0.0034610007910058638,0.12553783829650392,0.4366456716729361,2.4929958737465965,-2.2740945800276795,1.993100971462743,0.425,WEAK / UNCERTAIN
24,frequency,wwtw_distance_to_watercourse_m,WWTW distance to watercourse,New spatial context,967,1.0,676,145,146,nonlinear,4,10.0,1.482891896046079,1.3679839518712746,1.3960171852924237,1.3911935200580428,-0.3467285582367926,1.0816260224153718,-0.008282575165796002,-0.010426959708143816,-1.7089826955977878,11.840697983430049,-1.250082123409736,0.4375948971425904,0.2,WEAK / UNCERTAIN
25,frequency,permit_flow_headroom_ratio,Permitted-flow headroom ratio,Permitting / hydraulics,967,0.057911065149948295,676,145,146,nonlinear,4,0.1,1.4807222792515728,1.3680090941912,1.384898540496075,1.3911935200580428,0.45248770003652317,1.0767177586486385,0.007714493792785881,0.14513981413782995,2.1696367905732408,-5.052967448938652,-0.11819156045210555,1.2585723134835445,0.914,WEAK / UNCERTAIN
26,frequency,permit_dwf_l_per_person_day,Permitted DWF per person,Permitting / hydraulics,967,0.6173733195449845,676,145,146,nonlinear,3,0.1,1.4823696972682365,1.3683950728090217,1.3911434353481607,1.3911935200580428,0.00360012529960704,1.0776134761721314,-0.0012546686933594398,0.07190996967695448,0.4436185843610719,2.4667315184194805,-0.882760174851472,0.8163069749110299,0.521,WEAK / UNCERTAIN
27,frequency,watercourse_density_km_per_km2,Watercourse density,New spatial context,967,1.0,676,145,146,nonlinear,4,0.1,1.483984995603476,1.3686744941300697,1.387744991150004,1.3911935200580428,0.2478827609759812,1.0729260528635685,0.0036313146943670604,-0.016251587296764968,0.7105011897416715,1.2936352014924166,-0.8177310175137764,1.4682936657464503,0.636,WEAK / UNCERTAIN
28,frequency,building_pre_1973_pct,Pre-1973 building share,Urban / population,967,1.0,676,145,146,linear,0,0.0,1.4789875887507302,1.369950000572369,1.3923362106364108,1.3911935200580428,-0.08213742817896011,1.080568065395865,-0.0029723690883851628,0.06464406529116973,-0.2338839222358302,5.417160050359194,-0.7619754076407744,0.5853068987578455,0.414,WEAK / UNCERTAIN
29,frequency,continuous_land_cover_pct,Continuous urban land,Urban / population,967,1.0,676,145,146,linear,0,0.0,1.4772100087377138,1.3706868210356529,1.3863917750730617,1.3911935200580428,0.34515291479942756,1.0804233755379409,0.005573522743845927,0.1078154539083555,1.3650146988140945,-1.528920231668191,-0.9147178554798245,1.666827572866474,0.694,WEAK / UNCERTAIN
30,frequency,online_ponding_area_pct,Online ponding share,New spatial context,967,1.0,676,145,146,linear,0,0.0,1.4796311448391943,1.3724540845509499,1.3899904627135276,1.3911935200580428,0.0864766351459866,1.082084450269833,0.000404313142120194,-0.13920800996444002,1.5672590401911806,-2.422293060679903,-0.40922695294705846,0.6931733119374776,0.568,WEAK / UNCERTAIN
31,frequency,landcover_suburban_pct,Suburban land,Urban / population,967,1.0,676,145,146,linear,0,0.0,1.47903701705537,1.3725929952575238,1.3922637115461067,1.3911935200580428,-0.07692614094546144,1.0807114601929957,-0.0028679220580263287,-0.007785514663736082,-4.700569200123616,24.844276767487315,-0.3063714512873872,0.1254308828920302,0.217,WEAK / UNCERTAIN
32,frequency,overland_flow_path_density_km_per_km2,Overland-flow path density,New spatial context,967,1.0,676,145,146,linear,0,0.0,1.481849693845953,1.3726620330396013,1.3906338112681884,1.3911935200580428,0.040232274071474165,1.0819620850542628,-0.0005212144530812868,-0.01676835587679859,3.7745419758430674,-12.013958967142024,-0.16561637228411266,0.2231786213900515,0.637,WEAK / UNCERTAIN
33,frequency,overland_flow_max_accumulation,Maximum flow accumulation,New spatial context,967,1.0,676,145,146,nonlinear,4,10.0,1.4900417073222674,1.372731147232192,1.3977523444024782,1.3911935200580428,-0.4714530545083188,1.0861723702627066,-0.010790592962462542,-0.10570899732626592,-0.04313233647413084,4.586140434852368,-1.602112454777866,0.5171938404706494,0.192,WEAK / UNCERTAIN
34,frequency,rain_mean_annual_mm_1991_2020,Mean annual rainfall,Static rainfall,967,1.0,676,145,146,linear,0,0.0,1.4779376923431555,1.3732155153122652,1.3903537304974347,1.3911935200580428,0.06036468316593383,1.0780919271649867,-0.00011823484611706014,0.09057650021619457,2.321260497213078,-5.689566245612528,-0.2438708777696574,0.3675348100061324,0.666,WEAK / UNCERTAIN
35,frequency,rain_winter_mean_mm_1991_2020,Mean winter rainfall,Static rainfall,967,1.0,676,145,146,linear,0,0.0,1.478567407364378,1.3732933231657873,1.390590503084685,1.3911935200580428,0.04334529773633367,1.0790803494423602,-0.00045889742715576887,0.09665567994248477,2.4011944827236498,-6.037128879151612,-0.2264409681395727,0.31158821631489353,0.644,WEAK / UNCERTAIN
36,frequency,ponding_area_pct,Ponding area share,New spatial context,967,1.0,676,145,146,linear,0,0.0,1.4805109288568845,1.37343517343387,1.391109788467771,1.3911935200580428,0.006018687484129331,1.081413412308804,-0.001206235601831196,-0.09835430263162583,7.446240417798384,-27.98500309159775,-0.04534439686511429,0.06392869948675291,0.562,WEAK / UNCERTAIN
37,frequency,overland_flow_1kmplus_length_pct,Long overland-flow path share,New spatial context,967,1.0,676,145,146,nonlinear,5,10.0,1.4797587726211063,1.376192343894007,1.3905812082812299,1.3911935200580428,0.04401341495519054,1.0855111564333437,-0.0004455231984117347,-0.0022269116980225792,0.6089121771663556,1.7482104246331371,-0.9595609690699316,0.9118737324225137,0.541,WEAK / UNCERTAIN
38,frequency,hydro_high_productivity_pct,High-productivity aquifer,Hydrogeology,967,1.0,676,145,146,linear,0,0.0,1.4727026986932237,1.3785937671821298,1.390148077825022,1.3911935200580428,0.07514714652906196,1.0768351055936296,0.00017760609272998718,0.07914406109977037,0.5342658537318976,2.0632702628479684,-1.4355152910517937,1.5759298085017492,0.543,WEAK / UNCERTAIN
