approach,target,rank,feature,importance
original_selected_sensor_one_WWTW,beta,1,hydro_high_productivity_pct,0.0020886759543851
original_selected_sensor_one_WWTW,beta,2,hydro_low_productivity_pct,0.0099263848952022
original_selected_sensor_one_WWTW,beta,3,hydro_no_groundwater_pct,-0.0001873123718127
original_selected_sensor_one_WWTW,beta,4,hydro_intergranular_flow_pct,0.0138142704070997
original_selected_sensor_one_WWTW,beta,5,rain_mean_annual_mm_1991_2020,0.0003284920327802
original_selected_sensor_one_WWTW,lambda,1,hydro_high_productivity_pct,-0.0013799702024967
original_selected_sensor_one_WWTW,lambda,2,hydro_low_productivity_pct,0.0517272192193012
original_selected_sensor_one_WWTW,lambda,3,hydro_no_groundwater_pct,0.0283410163273186
original_selected_sensor_one_WWTW,lambda,4,hydro_intergranular_flow_pct,0.0498772449831268
original_selected_sensor_one_WWTW,lambda,5,rain_mean_annual_mm_1991_2020,0.0060980013825592
original_selected_sensor_one_WWTW,duration,1,hydro_high_productivity_pct,0.0001573718422674
original_selected_sensor_one_WWTW,duration,2,hydro_low_productivity_pct,0.0045751172020506
original_selected_sensor_one_WWTW,duration,3,hydro_no_groundwater_pct,0.0062970371598328
original_selected_sensor_one_WWTW,duration,4,hydro_intergranular_flow_pct,-0.0043247776770728
original_selected_sensor_one_WWTW,duration,5,rain_mean_annual_mm_1991_2020,0.8475250596815216
original_selected_sensor_one_WWTW,frequency,1,hydro_high_productivity_pct,-0.0007659163107223
original_selected_sensor_one_WWTW,frequency,2,hydro_low_productivity_pct,0.0022672079691626
original_selected_sensor_one_WWTW,frequency,3,hydro_no_groundwater_pct,0.0005510451067229
original_selected_sensor_one_WWTW,frequency,4,hydro_intergranular_flow_pct,0.0073634186442572
original_selected_sensor_one_WWTW,frequency,5,rain_mean_annual_mm_1991_2020,0.0007514955371728
regional_company_x_25km_cluster,beta,1,population_density_km2_2021,0.1587440608286739
regional_company_x_25km_cluster,beta,2,building_pre_1973_pct,0.0277173123271448
regional_company_x_25km_cluster,beta,3,rain_ann_rx5day_mm,0.0168136091324261
regional_company_x_25km_cluster,beta,4,rain_ann_cdd_days,0.0152538974184597
regional_company_x_25km_cluster,beta,5,hydro_no_groundwater_pct,0.0149840393391973
regional_company_x_25km_cluster,lambda,1,total_catchment_area_km2,0.9273614181301804
regional_company_x_25km_cluster,lambda,2,rain_ann_rx5day_mm,0.4747645266690027
regional_company_x_25km_cluster,lambda,3,population_density_km2_2021,0.3976935416876497
regional_company_x_25km_cluster,lambda,4,hydro_intergranular_flow_pct,0.3463604798144639
regional_company_x_25km_cluster,lambda,5,rain_ann_r20_days,0.2027574663670533
regional_company_x_25km_cluster,duration,1,regional_capacity_ratio,0.0378834319847074
regional_company_x_25km_cluster,duration,2,building_pre_1973_pct,0.0357523597623151
regional_company_x_25km_cluster,duration,3,total_catchment_area_km2,0.0307300521388882
regional_company_x_25km_cluster,duration,4,population_density_km2_2021,0.030356589249734
regional_company_x_25km_cluster,duration,5,continuous_land_cover_pct,0.0084567228014023
regional_company_x_25km_cluster,frequency,1,population_density_km2_2021,0.0153228534821963
regional_company_x_25km_cluster,frequency,2,hydro_no_groundwater_pct,0.009099518029521
regional_company_x_25km_cluster,frequency,3,rain_mean_annual_mm_1991_2020,0.0
regional_company_x_25km_cluster,frequency,4,continuous_land_cover_pct,0.0
regional_company_x_25km_cluster,frequency,5,total_catchment_area_km2,0.0
