variable,label,beta_effect_pct,beta_CI_lower_pct,beta_CI_upper_pct,beta_p,beta_q,beta_status,scale_effect_pct,scale_CI_lower_pct,scale_CI_upper_pct,scale_p,scale_q,scale_status,duration_effect_pct,duration_CI_lower_pct,duration_CI_upper_pct,duration_p,duration_q,duration_status,frequency_effect_pct,frequency_CI_lower_pct,frequency_CI_upper_pct,frequency_p,frequency_q,frequency_status
hydro_high_productivity_pct,High-productivity hydrogeology,0.8924736122827187,-2.19935886545368,4.082050112547911,0.5758078902543762,0.5758078902543762,no clear evidence,-4.738007500689336,-34.51948377123123,38.58851056143171,0.7996683675552251,0.7996683675552251,no clear evidence,-1.7851186572710596,-4.146676042351313,0.6346208862650771,0.1469122701000414,0.272837073042934,no clear evidence,-3.5855653192110664,-6.179554236037927,-0.9198566568017852,0.0086885499610176,0.0376503831644098,FDR-supported
hydro_moderate_productivity_pct,Moderate-productivity hydrogeology,2.206168004890903,0.4658898428255119,3.976591404171629,0.0127589242046014,0.0207332518324772,FDR-supported,-24.92088438520955,-38.87141015538527,-7.786624624784057,0.0062781600244154,0.011659440045343,FDR-supported,0.1022637543990485,-1.904863361300218,2.150458749675394,0.9212122810436888,0.9212122810436888,no clear evidence,-0.2671184913317577,-2.4258524670531285,1.939375393092482,0.8106651624166525,0.8667994293811611,no clear evidence
hydro_low_productivity_pct,Low-productivity hydrogeology,-4.542584421210502,-6.507476846223025,-2.5363966913796343,1.18156520838253e-05,5.120115902990963e-05,FDR-supported,81.28857548520479,35.145328971180646,143.18670761061432,7.199984637000021e-05,0.0003559367105696,FDR-supported,-1.34085118724369,-3.671278578341056,1.0459549426662094,0.2683706152733812,0.4329189610192573,no clear evidence,2.2800070178456986,-0.1885896946505979,4.809658570768601,0.0705239795831853,0.1753728422378006,no clear evidence
hydro_no_groundwater_pct,Essentially no groundwater,2.5169034037260287,0.297907729047398,4.784992244112008,0.0259879456782152,0.0337843293816798,FDR-supported,-29.50043086374963,-43.44234784035972,-12.121719013935872,0.0018750253595275,0.004062554945643,FDR-supported,3.365147787711107,0.7857350485916598,6.010575524642736,0.0102588223493638,0.0333411726354324,FDR-supported,1.68563403001333,-1.0784729162849376,4.5269768160303725,0.2345163998897091,0.4355304569380314,no clear evidence
hydro_intergranular_flow_pct,Intergranular-flow hydrogeology,4.062606097447138,1.028740380786476,7.187577980056589,0.0083409615070704,0.0154903570845594,FDR-supported,-38.07402421684471,-52.69530006614303,-18.933499587611426,0.0004876551822394,0.0014043407835416,FDR-supported,1.4242279745381874,-1.3548619014044658,4.281612033929065,0.3184546832401164,0.4329189610192573,no clear evidence,-7.384257593015921,-10.053567613606909,-4.635731356762047,2.731203637893628e-07,3.550564729261716e-06,FDR-supported
hydro_fracture_flow_pct,Fracture-flow hydrogeology,-3.0045896761026114,-4.807558502357581,-1.1674721660098843,0.0014392557195209,0.0046775810884429,FDR-supported,50.03195301681331,22.602049867412298,83.59878118173567,8.213924090069435e-05,0.0003559367105696,FDR-supported,-2.8718230589772595,-4.853261088633393,-0.8491214325831978,0.0055908493331958,0.0242270137771818,FDR-supported,3.261994282769929,0.9287261275228073,5.649202881864639,0.0059099220083575,0.0376503831644098,FDR-supported
rain_mean_annual_mm_1991_2020,Static annual rainfall (1991-2020),-4.847575136484165,-8.088236850946288,-1.4926528748649872,0.0049446736764644,0.0107134596323397,FDR-supported,62.71407109094076,-3.7123291305084174,174.96634503573304,0.0689660873447996,0.0996176817202661,no clear evidence,4.734524091050928,0.0657024890447471,9.62118152100971,0.0467902809174997,0.1216547303854992,nominal only,-1.4618365082894182,-5.65583778410945,2.9186060511081733,0.5069465691778541,0.6616474617607181,no clear evidence
rain_winter_mean_mm_1991_2020,Static winter rainfall (1991-2020),-12.337938687569798,-19.73522225282079,-4.258913944175998,0.0034161811504932,0.0088820709912823,FDR-supported,254.15763927243177,-6.766782254365128,1245.310571573556,0.0633012845340312,0.0996176817202661,no clear evidence,19.899523368774865,6.45306461812977,35.04445133288408,0.0027865752215716,0.018112738940216,FDR-supported,-3.4021943170835915,-14.012728365395663,8.517643197313596,0.5598555445667615,0.6616474617607181,no clear evidence
rain_ann_prcptot_mm,Annual PRCPTOT,-2.632492232070042,-5.771506053720202,0.611090890858861,0.110581728967363,0.1847136199304371,no clear evidence,31.02259286024162,-16.922849528019455,106.63828432115676,0.2450802113786077,0.3921283382057723,no clear evidence,4.095512897063277,0.3211395020326795,8.011889209881966,0.0331620260084754,0.0530592416135606,nominal only,-2.634119956077585,-5.660783150454628,0.489646970958234,0.0975593444985315,0.2382083178639626,no clear evidence
rain_ann_rx1day_mm,Annual Rx1day,-1.2542059794837173,-7.566643032377357,5.489318538519536,0.7080589603147995,0.7080589603147995,no clear evidence,5.632020375392066,-48.43373330703675,116.38416825916713,0.8809571326322336,0.8809571326322336,no clear evidence,5.35799560900372,-1.3630881827099626,12.53705163953721,0.1206891742657713,0.1609188990210285,no clear evidence,-5.047853990361316,-11.186097684947097,1.5146254901993412,0.1287398539098641,0.2382083178639626,no clear evidence
rain_ann_rx5day_mm,Annual Rx5day,-6.147999504383858,-17.83674419529548,7.2036144473816135,0.3498010604729314,0.3997726405404931,no clear evidence,94.0507496163176,-62.4383783854334,902.5044662089796,0.4287922945122783,0.4900483365854609,no clear evidence,19.504643151927464,4.884636271716793,36.16255194775975,0.0074449032491893,0.0265355551591287,FDR-supported,-5.6786533168126745,-16.9478331256614,7.119618607793991,0.3678277760630006,0.4203746012148578,no clear evidence
rain_ann_sdii_mm_per_wet_day,Annual SDII,-5.976811277208781,-12.921560652314655,1.5218013072555383,0.1154460124565232,0.1847136199304371,no clear evidence,121.81498851733276,-25.50628773988645,560.4837863247259,0.1524181851523028,0.3274097433434524,no clear evidence,10.723881313890136,1.2249758978204377,21.11415966735147,0.026013148454858,0.0520262969097161,nominal only,-3.852668268480045,-10.968440705990892,3.831826291657335,0.3165988015053634,0.4203746012148578,no clear evidence
rain_ann_r10_days,Annual R10mm days,-3.504570014605419,-7.17282824445887,0.3086470477364763,0.0712130048127905,0.1847136199304371,no clear evidence,48.907025322015976,-14.96988499145751,160.76998940932725,0.1637048716717262,0.3274097433434524,no clear evidence,6.137711156095113,1.4374461154624991,11.055770436411622,0.0099508331846732,0.0265355551591287,FDR-supported,-2.808366126311455,-6.4957108757792685,1.0243891859099536,0.1488801986649766,0.2382083178639626,no clear evidence
rain_ann_r20_days,Annual R20mm days,-7.176804030576955,-16.42220120517916,3.091321310460752,0.1641567090656033,0.218875612087471,no clear evidence,119.91488059951814,-50.97481996168673,886.4839796876809,0.3034306012630489,0.4045741350173985,no clear evidence,7.260214468255034,-6.026091133621774,22.424976746840542,0.2989060798824484,0.3416069484370839,no clear evidence,-2.067697718632058,-11.950809303481591,8.924747113075465,0.7002766486087709,0.7002766486087709,no clear evidence
rain_ann_cwd_days,Annual consecutive wet days,-5.075371646636887,-8.391914345730417,-1.6387581547050185,0.0040970760291629,0.0163883041166519,FDR-supported,77.06782164022007,8.437948516956547,189.13322217184967,0.0223859155030873,0.0895436620123493,nominal only,-1.2611691726001522,-5.182638088277124,2.8224843698853355,0.5393320718240822,0.5393320718240822,no clear evidence,-3.4027007076188887,-6.855092407454884,0.17765298989534,0.0622688521940762,0.2382083178639626,no clear evidence
rain_ann_cdd_days,Annual consecutive dry days,35.12386607035386,13.334525081114656,61.102357544897856,0.0007932989287189,0.0063463914297514,FDR-supported,-96.54594776268917,-99.57104228773596,-72.18728905676397,0.0015649882294154,0.0125199058353238,FDR-supported,-20.300081690346776,-32.51427297677369,-5.875253053445991,0.0075096875118155,0.0265355551591287,FDR-supported,18.216102931331392,1.625842835637217,37.51469707241137,0.0300826965234995,0.2382083178639626,nominal only
landcover_urban_pct,Urban land cover,23.1037995928504,14.514087784193215,32.33782644067404,1.7769209441974608e-08,1.1549986137283497e-07,FDR-supported,-83.8044092374191,-92.64621041491031,-64.33170175540222,6.208636735221071e-06,8.071227755787391e-05,FDR-supported,-3.8647773617600834,-11.743784851902053,4.717622619500412,0.3663160439393715,0.4329189610192573,no clear evidence,-8.074169162600004,-16.36714088225317,1.0411274263505417,0.0809413118020618,0.1753728422378006,no clear evidence
landcover_suburban_pct,Suburban land cover,1.6860778272472794,-3.1306054628964923,6.742263367079045,0.4994736152476072,0.5410964165182411,no clear evidence,-18.45298191014337,-55.636078946319365,49.8946892295873,0.5113256109069195,0.5539360784824962,no clear evidence,16.424049328346037,10.80743417998657,22.32535986703049,1.661332118692723e-09,2.15973175430054e-08,FDR-supported,0.4665331579859809,-4.851919626330265,6.082269291665824,0.8667994293811611,0.8667994293811611,no clear evidence
continuous_land_cover_pct,Continuous developed-land index,15.414814198758872,9.79603997323516,21.321127244490544,1.8016943079970872e-08,1.8016943079970872e-08,FDR-supported,-72.30871326393545,-84.2308400387625,-51.37297338705111,7.834261797131125e-06,7.834261797131125e-06,FDR-supported,-8.632618398117279,-14.852790874590728,-1.958049987420167,0.0120845482066526,0.0120845482066526,FDR-supported,-6.890911222557633,-13.516467567067531,0.2422330481082434,0.057996346148263,0.057996346148263,no clear evidence
population_density_km2_2021,Population density (2021),23.60143799659616,15.074189294378126,32.7605744477121,6.2618944639413165e-09,8.14046280312371e-08,FDR-supported,-82.30937598749595,-93.3683779533457,-52.80820050508246,0.0005401310705929,0.0014043407835416,FDR-supported,7.0590580614203065,-1.4964777264290283,16.357685983720252,0.1084614312830766,0.2349997677799994,no clear evidence,-9.812368014456077,-17.9191028031162,-0.9049700851868134,0.0316233762564976,0.1027759728336175,nominal only
building_pre_1973_pct,Pre-1973 building share,3.361734397118468,-2.636888846905736,9.729937869194002,0.2783949668998011,0.3290122336088559,no clear evidence,-29.35623287186953,-65.02344220267095,42.68247501572685,0.3325823960090166,0.3930519225561105,no clear evidence,-2.628481782620468,-8.719528398007228,3.869013750258568,0.4189819938590579,0.4538971600139793,no clear evidence,-3.1181846816563645,-10.298239494438624,4.636587804714493,0.4200537115751336,0.6616474617607181,no clear evidence
terrain_mean_slope_deg,Mean terrain slope,-4.46295786668597,-8.170250921737251,-0.6059963007873166,0.0237606362736113,0.0337843293816798,FDR-supported,36.14065057386683,-19.418499377808267,130.00659699270312,0.2488874869821911,0.3235537330768484,no clear evidence,-2.622144680581769,-7.87873566898814,2.934396042775136,0.3479995372399016,0.4329189610192573,no clear evidence,1.8036578660892104,-4.105035151981366,8.076422691653832,0.5579026981058786,0.6616474617607181,no clear evidence
capacity_ratio_latest,Treatment capacity utilisation ratio,3.375780497410282,-3.3862480850123324,10.61108570601894,0.3361023948256403,0.3361023948256403,no clear evidence,-32.615401103498336,-69.89740737800527,50.840302211202925,0.3369739950035341,0.3369739950035341,no clear evidence,14.776267775632183,7.570834179275863,22.464344029802,3.0981921291041184e-05,6.196384258208237e-05,FDR-supported,7.174390881283428,-0.0842668481260068,14.960374091582128,0.0528182931848906,0.0528182931848906,no clear evidence
sewershed_area_km2,WWTW catchment area,11.734560643276444,6.608099219684624,17.107538109457295,3.6512953562135846e-06,7.302590712427169e-06,FDR-supported,-60.58630088760244,-78.18560885762305,-28.788309167846847,0.0020363800255312,0.0040727600510625,FDR-supported,-5.075543813083268,-9.501053821694525,-0.4336209105833827,0.0324873631204005,0.0324873631204005,FDR-supported,-6.871961570701511,-11.907990626435636,-1.5480336597755395,0.0120732484168652,0.0241464968337305,FDR-supported
