company,permit_number,location_name,start_time,stop_time
demo_a,S000,Synthetic sensor 0,2024-08-24T18:36:00+00:00,2024-08-26T04:36:38.051067402+00:00
demo_a,S000,Synthetic sensor 0,2024-08-26T02:17:00+00:00,2024-08-26T05:47:15.644510981+00:00
demo_a,S000,Synthetic sensor 0,2024-05-04T04:34:00+00:00,2024-05-04T10:17:46.253583684+00:00
demo_a,S000,Synthetic sensor 0,2024-05-14T18:59:00+00:00,2024-05-14T19:36:08.718177600+00:00
demo_a,S000,Synthetic sensor 0,2024-01-12T15:50:00+00:00,2024-01-12T19:04:52.557650982+00:00
demo_a,S000,Synthetic sensor 0,2024-06-22T22:35:00+00:00,2024-06-23T03:27:36.932978202+00:00
demo_a,S000,Synthetic sensor 0,2024-07-04T15:59:00+00:00,2024-07-04T21:05:24.832517964+00:00
demo_a,S000,Synthetic sensor 0,2024-10-09T05:12:00+00:00,2024-10-09T12:20:16.543585626+00:00
demo_a,S000,Synthetic sensor 0,2024-02-25T09:28:00+00:00,2024-02-25T13:51:06.663987252+00:00
demo_a,S000,Synthetic sensor 0,2024-09-19T12:56:00+00:00,2024-09-19T20:22:30.617057160+00:00
demo_a,S000,Synthetic sensor 0,2024-06-13T11:52:00+00:00,2024-06-13T13:22:48.688257720+00:00
demo_a,S000,Synthetic sensor 0,2024-10-18T16:34:00+00:00,2024-10-18T20:33:24.710751024+00:00
demo_a,S000,Synthetic sensor 0,2024-01-03T16:59:00+00:00,2024-01-03T21:08:49.227918798+00:00
demo_a,S000,Synthetic sensor 0,2024-09-10T00:53:00+00:00,2024-09-10T06:27:29.343039102+00:00
demo_a,S000,Synthetic sensor 0,2024-06-18T00:33:00+00:00,2024-06-18T07:38:24.987342996+00:00
demo_a,S000,Synthetic sensor 0,2024-12-22T06:37:00+00:00,2024-12-22T12:20:14.636381784+00:00
demo_a,S000,Synthetic sensor 0,2024-06-06T10:53:00+00:00,2024-06-06T19:46:06.382987566+00:00
demo_a,S000,Synthetic sensor 0,2024-07-20T06:21:00+00:00,2024-07-21T07:07:28.843904148+00:00
demo_a,S000,Synthetic sensor 0,2024-12-06T11:55:00+00:00,2024-12-06T14:20:28.249372896+00:00
demo_a,S000,Synthetic sensor 0,2024-07-08T04:13:00+00:00,2024-07-08T05:05:53.651132982+00:00
demo_a,S000,Synthetic sensor 0,2024-04-02T23:07:00+00:00,2024-04-06T08:05:48.869795328+00:00
demo_a,S000,Synthetic sensor 0,2024-06-07T01:32:00+00:00,2024-06-07T02:21:37.660784616+00:00
demo_a,S000,Synthetic sensor 0,2024-01-12T11:34:00+00:00,2024-01-12T13:21:40.429928928+00:00
demo_a,S000,Synthetic sensor 0,2024-11-07T03:13:00+00:00,2024-11-07T12:22:17.707244406+00:00
demo_a,S000,Synthetic sensor 0,2024-11-20T06:28:00+00:00,2024-11-20T20:16:22.881240390+00:00
demo_a,S000,Synthetic sensor 0,2024-04-06T17:21:00+00:00,2024-04-07T01:08:43.195432038+00:00
demo_a,S000,Synthetic sensor 0,2024-09-13T15:54:00+00:00,2024-09-13T19:33:39.280674636+00:00
demo_a,S000,Synthetic sensor 0,2024-09-19T12:30:00+00:00,2024-09-19T17:44:51.180646194+00:00
demo_a,S000,Synthetic sensor 0,2024-01-16T20:29:00+00:00,2024-01-17T02:02:06.520950852+00:00
demo_a,S000,Synthetic sensor 0,2024-02-17T22:58:00+00:00,2024-02-18T18:12:41.691908508+00:00
demo_a,S000,Synthetic sensor 0,2024-01-27T14:53:00+00:00,2024-01-27T19:04:50.678591760+00:00
demo_a,S000,Synthetic sensor 0,2024-06-15T07:12:00+00:00,2024-06-15T08:26:35.715319386+00:00
demo_a,S000,Synthetic sensor 0,2024-03-18T02:32:00+00:00,2024-03-18T07:41:05.607054120+00:00
demo_a,S000,Synthetic sensor 0,2024-07-11T16:02:00+00:00,2024-07-11T18:44:39.555071082+00:00
demo_a,S000,Synthetic sensor 0,2024-04-09T00:30:00+00:00,2024-04-09T18:19:02.344355202+00:00
demo_a,S000,Synthetic sensor 0,2024-10-14T19:21:00+00:00,2024-10-15T03:32:05.138562762+00:00
demo_b,S001,Synthetic sensor 1,2024-04-28T03:52:00+00:00,2024-04-28T07:15:21.621265236+00:00
demo_b,S001,Synthetic sensor 1,2024-05-14T23:24:00+00:00,2024-05-15T10:57:46.699808952+00:00
demo_b,S001,Synthetic sensor 1,2024-06-29T02:30:00+00:00,2024-06-29T05:31:44.614476672+00:00
demo_b,S001,Synthetic sensor 1,2024-02-13T20:14:00+00:00,2024-02-14T09:29:52.845811806+00:00
demo_b,S001,Synthetic sensor 1,2024-03-08T16:33:00+00:00,2024-03-09T00:05:22.560815232+00:00
demo_b,S001,Synthetic sensor 1,2024-12-01T05:42:00+00:00,2024-12-01T19:57:58.212731454+00:00
demo_b,S001,Synthetic sensor 1,2024-10-30T11:52:00+00:00,2024-10-30T15:34:06.668530236+00:00
demo_b,S001,Synthetic sensor 1,2024-06-30T02:53:00+00:00,2024-06-30T08:29:08.442182568+00:00
demo_b,S001,Synthetic sensor 1,2024-06-07T02:06:00+00:00,2024-06-07T04:24:31.019360586+00:00
demo_b,S001,Synthetic sensor 1,2024-01-01T13:38:00+00:00,2024-01-01T14:56:21.222003732+00:00
demo_b,S001,Synthetic sensor 1,2024-01-16T16:21:00+00:00,2024-01-17T04:11:21.777846972+00:00
demo_b,S001,Synthetic sensor 1,2024-09-16T02:25:00+00:00,2024-09-16T06:19:10.053681792+00:00
demo_b,S001,Synthetic sensor 1,2024-01-24T16:04:00+00:00,2024-01-24T21:41:23.506207482+00:00
demo_b,S001,Synthetic sensor 1,2024-12-14T23:10:00+00:00,2024-12-15T15:06:21.718404300+00:00
demo_b,S001,Synthetic sensor 1,2024-11-03T16:14:00+00:00,2024-11-03T17:03:43.712809674+00:00
demo_b,S001,Synthetic sensor 1,2024-05-15T23:13:00+00:00,2024-05-16T09:57:04.525572276+00:00
demo_b,S001,Synthetic sensor 1,2024-05-28T21:46:00+00:00,2024-05-29T02:46:35.132075094+00:00
demo_b,S001,Synthetic sensor 1,2024-12-16T19:18:00+00:00,2024-12-16T23:08:44.854261698+00:00
demo_b,S001,Synthetic sensor 1,2024-04-06T16:57:00+00:00,2024-04-06T19:18:09.393554550+00:00
demo_b,S001,Synthetic sensor 1,2024-05-10T07:18:00+00:00,2024-05-10T10:51:54.275770704+00:00
demo_b,S001,Synthetic sensor 1,2024-12-02T05:01:00+00:00,2024-12-02T23:47:13.565287596+00:00
demo_b,S001,Synthetic sensor 1,2024-04-20T19:25:00+00:00,2024-04-21T04:44:44.177539674+00:00
demo_b,S001,Synthetic sensor 1,2024-10-24T19:35:00+00:00,2024-10-25T04:40:54.935405082+00:00
demo_b,S001,Synthetic sensor 1,2024-07-03T06:09:00+00:00,2024-07-03T12:04:00.252081294+00:00
demo_b,S001,Synthetic sensor 1,2024-10-11T07:03:00+00:00,2024-10-11T09:54:24.312369372+00:00
demo_b,S001,Synthetic sensor 1,2024-12-02T10:47:00+00:00,2024-12-02T17:34:24.435128100+00:00
demo_b,S001,Synthetic sensor 1,2024-08-24T07:17:00+00:00,2024-08-25T03:11:42.668978412+00:00
demo_b,S001,Synthetic sensor 1,2024-04-02T15:11:00+00:00,2024-04-02T23:13:19.397557842+00:00
demo_b,S001,Synthetic sensor 1,2024-08-29T09:54:00+00:00,2024-08-30T08:03:11.156085234+00:00
demo_b,S001,Synthetic sensor 1,2024-06-24T14:56:00+00:00,2024-06-24T21:13:38.308213122+00:00
demo_b,S001,Synthetic sensor 1,2024-10-08T01:39:00+00:00,2024-10-08T16:46:13.283341710+00:00
demo_b,S001,Synthetic sensor 1,2024-08-13T02:05:00+00:00,2024-08-13T04:03:31.722866544+00:00
demo_b,S001,Synthetic sensor 1,2024-05-30T21:57:00+00:00,2024-05-30T23:59:47.193911424+00:00
demo_b,S001,Synthetic sensor 1,2024-12-04T05:23:00+00:00,2024-12-04T11:40:04.435845480+00:00
demo_b,S001,Synthetic sensor 1,2024-08-12T11:54:00+00:00,2024-08-12T19:36:19.366275120+00:00
demo_b,S001,Synthetic sensor 1,2024-05-16T22:31:00+00:00,2024-05-18T05:13:42.804775524+00:00
demo_a,S002,Synthetic sensor 2,2024-06-28T20:02:00+00:00,2024-06-29T00:27:16.079224260+00:00
demo_a,S002,Synthetic sensor 2,2024-08-17T20:57:00+00:00,2024-08-18T05:50:37.553534346+00:00
demo_a,S002,Synthetic sensor 2,2024-05-02T17:05:00+00:00,2024-05-02T23:57:25.099389972+00:00
demo_a,S002,Synthetic sensor 2,2024-05-08T23:15:00+00:00,2024-05-09T02:43:54.895168386+00:00
demo_a,S002,Synthetic sensor 2,2024-01-06T12:31:00+00:00,2024-01-06T17:00:09.376996422+00:00
demo_a,S002,Synthetic sensor 2,2024-07-19T15:35:00+00:00,2024-07-19T21:13:39.210940512+00:00
demo_a,S002,Synthetic sensor 2,2024-10-09T21:30:00+00:00,2024-10-10T08:27:55.247051736+00:00
demo_a,S002,Synthetic sensor 2,2024-03-28T16:48:00+00:00,2024-03-29T01:34:03.692930826+00:00
demo_a,S002,Synthetic sensor 2,2024-11-24T07:45:00+00:00,2024-11-24T08:33:49.226530302+00:00
demo_a,S002,Synthetic sensor 2,2024-07-03T08:36:00+00:00,2024-07-03T11:06:25.846099284+00:00
demo_a,S002,Synthetic sensor 2,2024-10-02T12:12:00+00:00,2024-10-02T15:05:20.693941776+00:00
demo_a,S002,Synthetic sensor 2,2024-04-17T23:51:00+00:00,2024-04-18T02:21:16.079104296+00:00
demo_a,S002,Synthetic sensor 2,2024-06-09T20:36:00+00:00,2024-06-11T20:50:41.057519820+00:00
demo_a,S002,Synthetic sensor 2,2024-05-17T12:21:00+00:00,2024-05-18T15:29:53.574410340+00:00
demo_a,S002,Synthetic sensor 2,2024-10-31T20:42:00+00:00,2024-11-01T01:39:56.676341172+00:00
demo_a,S002,Synthetic sensor 2,2024-01-28T18:10:00+00:00,2024-01-29T07:24:32.097348810+00:00
demo_a,S002,Synthetic sensor 2,2024-04-03T02:43:00+00:00,2024-04-03T06:34:34.364626788+00:00
demo_a,S002,Synthetic sensor 2,2024-03-19T05:09:00+00:00,2024-03-19T15:44:12.568047330+00:00
demo_a,S002,Synthetic sensor 2,2024-04-24T20:18:00+00:00,2024-04-25T01:56:10.910203674+00:00
demo_a,S002,Synthetic sensor 2,2024-03-15T16:50:00+00:00,2024-03-15T23:45:51.059827230+00:00
demo_a,S002,Synthetic sensor 2,2024-07-27T06:04:00+00:00,2024-07-28T03:19:05.877559776+00:00
demo_a,S002,Synthetic sensor 2,2024-10-16T01:04:00+00:00,2024-10-16T08:03:33.077633784+00:00
demo_a,S002,Synthetic sensor 2,2024-07-11T08:42:00+00:00,2024-07-11T23:21:15.116198808+00:00
demo_a,S002,Synthetic sensor 2,2024-01-17T08:09:00+00:00,2024-01-18T01:00:54.723921924+00:00
demo_a,S002,Synthetic sensor 2,2024-09-04T10:53:00+00:00,2024-09-04T18:53:19.341793230+00:00
demo_a,S002,Synthetic sensor 2,2024-12-07T10:09:00+00:00,2024-12-07T18:36:03.004993248+00:00
demo_a,S002,Synthetic sensor 2,2024-09-26T14:25:00+00:00,2024-09-26T21:17:29.061624138+00:00
demo_a,S002,Synthetic sensor 2,2024-06-29T22:06:00+00:00,2024-06-30T12:53:39.403072668+00:00
demo_a,S002,Synthetic sensor 2,2024-08-28T21:41:00+00:00,2024-08-29T13:09:00.518544204+00:00
demo_a,S002,Synthetic sensor 2,2024-08-25T10:24:00+00:00,2024-08-25T17:07:34.412905746+00:00
demo_a,S002,Synthetic sensor 2,2024-10-01T16:07:00+00:00,2024-10-03T07:42:57.375440748+00:00
demo_a,S002,Synthetic sensor 2,2024-05-14T06:37:00+00:00,2024-05-14T14:48:40.842584442+00:00
demo_a,S002,Synthetic sensor 2,2024-09-20T19:31:00+00:00,2024-09-21T00:10:33.008755410+00:00
demo_a,S002,Synthetic sensor 2,2024-06-10T13:21:00+00:00,2024-06-10T16:24:19.388067144+00:00
demo_a,S002,Synthetic sensor 2,2024-12-28T08:11:00+00:00,2024-12-28T14:10:29.382584580+00:00
demo_a,S002,Synthetic sensor 2,2024-05-10T05:28:00+00:00,2024-05-10T21:37:31.583970642+00:00
demo_b,S003,Synthetic sensor 3,2024-09-18T07:07:00+00:00,2024-09-19T12:54:17.836364940+00:00
demo_b,S003,Synthetic sensor 3,2024-09-13T13:39:00+00:00,2024-09-13T22:52:34.025451876+00:00
demo_b,S003,Synthetic sensor 3,2024-10-16T03:19:00+00:00,2024-10-16T06:07:54.500643792+00:00
demo_b,S003,Synthetic sensor 3,2024-09-06T22:25:00+00:00,2024-09-07T00:08:19.373996106+00:00
demo_b,S003,Synthetic sensor 3,2024-01-01T18:08:00+00:00,2024-01-02T01:00:21.809636766+00:00
demo_b,S003,Synthetic sensor 3,2024-06-15T15:29:00+00:00,2024-06-15T20:04:37.098626580+00:00
demo_b,S003,Synthetic sensor 3,2024-12-27T17:20:00+00:00,2024-12-27T20:02:40.303368462+00:00
demo_b,S003,Synthetic sensor 3,2024-01-25T05:45:00+00:00,2024-01-25T09:24:59.432712444+00:00
demo_b,S003,Synthetic sensor 3,2024-08-03T04:29:00+00:00,2024-08-03T11:50:21.767106438+00:00
demo_b,S003,Synthetic sensor 3,2024-07-10T05:29:00+00:00,2024-07-10T07:59:43.914888768+00:00
demo_b,S003,Synthetic sensor 3,2024-08-08T17:30:00+00:00,2024-08-08T22:09:28.101267048+00:00
demo_b,S003,Synthetic sensor 3,2024-07-18T03:07:00+00:00,2024-07-18T10:18:22.110177402+00:00
demo_b,S003,Synthetic sensor 3,2024-04-11T15:17:00+00:00,2024-04-11T21:00:36.732623910+00:00
demo_b,S003,Synthetic sensor 3,2024-01-29T18:44:00+00:00,2024-01-31T05:40:49.139452896+00:00
demo_b,S003,Synthetic sensor 3,2024-08-30T08:13:00+00:00,2024-08-30T11:36:35.009185218+00:00
demo_b,S003,Synthetic sensor 3,2024-04-26T10:06:00+00:00,2024-04-26T22:47:00.725547276+00:00
demo_b,S003,Synthetic sensor 3,2024-12-10T19:47:00+00:00,2024-12-11T01:08:57.696863418+00:00
demo_b,S003,Synthetic sensor 3,2024-06-08T17:55:00+00:00,2024-06-08T23:22:42.122335902+00:00
demo_b,S003,Synthetic sensor 3,2024-03-16T16:39:00+00:00,2024-03-17T03:59:56.254902558+00:00
demo_b,S003,Synthetic sensor 3,2024-07-01T11:09:00+00:00,2024-07-02T03:39:45.990141864+00:00
demo_b,S003,Synthetic sensor 3,2024-11-13T17:09:00+00:00,2024-11-13T22:19:12.749891328+00:00
demo_b,S003,Synthetic sensor 3,2024-09-18T16:26:00+00:00,2024-09-19T09:28:28.559009286+00:00
demo_b,S003,Synthetic sensor 3,2024-07-28T09:25:00+00:00,2024-07-28T23:34:18.243833694+00:00
demo_b,S003,Synthetic sensor 3,2024-06-08T01:25:00+00:00,2024-06-10T13:39:36.430736424+00:00
demo_b,S003,Synthetic sensor 3,2024-03-19T13:49:00+00:00,2024-03-21T10:28:13.001948976+00:00
demo_b,S003,Synthetic sensor 3,2024-08-06T20:54:00+00:00,2024-08-06T22:23:29.586776454+00:00
demo_b,S003,Synthetic sensor 3,2024-04-19T13:46:00+00:00,2024-04-19T17:35:59.915439270+00:00
demo_b,S003,Synthetic sensor 3,2024-11-17T07:01:00+00:00,2024-11-17T11:03:49.008223140+00:00
demo_b,S003,Synthetic sensor 3,2024-01-22T13:35:00+00:00,2024-01-23T03:52:02.544435342+00:00
demo_b,S003,Synthetic sensor 3,2024-11-12T15:55:00+00:00,2024-11-12T22:25:49.901921568+00:00
demo_b,S003,Synthetic sensor 3,2024-08-24T04:03:00+00:00,2024-08-26T21:09:09.242967750+00:00
demo_b,S003,Synthetic sensor 3,2024-09-11T08:56:00+00:00,2024-09-12T07:02:42.029486640+00:00
demo_b,S003,Synthetic sensor 3,2024-11-11T06:27:00+00:00,2024-11-11T09:31:05.396608818+00:00
demo_b,S003,Synthetic sensor 3,2024-08-19T05:52:00+00:00,2024-08-19T11:09:27.719129586+00:00
demo_b,S003,Synthetic sensor 3,2024-07-22T02:50:00+00:00,2024-07-22T11:38:58.897194984+00:00
demo_b,S003,Synthetic sensor 3,2024-07-20T02:03:00+00:00,2024-07-20T08:19:01.272880776+00:00
demo_a,S004,Synthetic sensor 4,2024-08-29T16:33:00+00:00,2024-08-30T01:59:19.776940674+00:00
demo_a,S004,Synthetic sensor 4,2024-09-03T09:58:00+00:00,2024-09-03T18:18:59.991744426+00:00
demo_a,S004,Synthetic sensor 4,2024-01-29T04:55:00+00:00,2024-01-29T06:13:16.771006038+00:00
demo_a,S004,Synthetic sensor 4,2024-03-18T00:37:00+00:00,2024-03-18T11:43:26.806110588+00:00
demo_a,S004,Synthetic sensor 4,2024-08-18T04:35:00+00:00,2024-08-18T05:46:10.064208798+00:00
demo_a,S004,Synthetic sensor 4,2024-06-21T21:48:00+00:00,2024-06-22T12:56:08.714322690+00:00
demo_a,S004,Synthetic sensor 4,2024-09-23T20:12:00+00:00,2024-09-23T22:23:28.596716784+00:00
demo_a,S004,Synthetic sensor 4,2024-04-11T03:06:00+00:00,2024-04-11T04:25:04.757883192+00:00
demo_a,S004,Synthetic sensor 4,2024-08-11T23:24:00+00:00,2024-08-12T02:04:46.296007296+00:00
demo_a,S004,Synthetic sensor 4,2024-01-31T02:04:00+00:00,2024-01-31T04:26:43.958985882+00:00
demo_a,S004,Synthetic sensor 4,2024-06-28T08:04:00+00:00,2024-06-29T05:16:40.822682862+00:00
demo_a,S004,Synthetic sensor 4,2024-03-17T10:28:00+00:00,2024-03-17T15:28:40.736314470+00:00
demo_a,S004,Synthetic sensor 4,2024-01-15T11:15:00+00:00,2024-01-15T16:45:27.181050078+00:00
demo_a,S004,Synthetic sensor 4,2024-07-06T23:37:00+00:00,2024-07-07T12:56:23.840163678+00:00
demo_a,S004,Synthetic sensor 4,2024-01-27T15:10:00+00:00,2024-01-27T19:08:32.878344275+00:00
demo_a,S004,Synthetic sensor 4,2024-07-26T00:39:00+00:00,2024-07-26T03:24:51.436054398+00:00
demo_a,S004,Synthetic sensor 4,2024-04-01T07:31:00+00:00,2024-04-01T09:37:46.119398262+00:00
demo_a,S004,Synthetic sensor 4,2024-12-24T14:01:00+00:00,2024-12-24T14:44:20.797883916+00:00
demo_a,S004,Synthetic sensor 4,2024-07-09T10:31:00+00:00,2024-07-09T12:48:09.769370058+00:00
demo_a,S004,Synthetic sensor 4,2024-12-27T09:18:00+00:00,2024-12-27T16:46:29.717766774+00:00
demo_a,S004,Synthetic sensor 4,2024-12-24T00:35:00+00:00,2024-12-24T06:33:38.553432156+00:00
demo_a,S004,Synthetic sensor 4,2024-11-12T23:28:00+00:00,2024-11-13T12:49:34.497855486+00:00
demo_a,S004,Synthetic sensor 4,2024-10-24T22:09:00+00:00,2024-10-25T23:41:15.767852970+00:00
demo_a,S004,Synthetic sensor 4,2024-07-18T06:55:00+00:00,2024-07-18T11:53:08.474859690+00:00
demo_a,S004,Synthetic sensor 4,2024-05-28T02:00:00+00:00,2024-05-28T05:04:21.238603308+00:00
demo_a,S004,Synthetic sensor 4,2024-09-20T09:58:00+00:00,2024-09-20T16:46:17.841818214+00:00
demo_a,S004,Synthetic sensor 4,2024-03-15T17:05:00+00:00,2024-03-15T19:20:29.068994220+00:00
demo_a,S004,Synthetic sensor 4,2024-08-10T16:07:00+00:00,2024-08-11T04:38:41.516539410+00:00
demo_a,S004,Synthetic sensor 4,2024-08-03T14:59:00+00:00,2024-08-03T17:03:20.134046166+00:00
demo_a,S004,Synthetic sensor 4,2024-01-19T01:12:00+00:00,2024-01-19T05:40:39.404083050+00:00
demo_a,S004,Synthetic sensor 4,2024-01-05T00:30:00+00:00,2024-01-05T02:03:19.982892600+00:00
demo_a,S004,Synthetic sensor 4,2024-02-05T15:10:00+00:00,2024-02-05T20:16:50.088947700+00:00
demo_a,S004,Synthetic sensor 4,2024-04-25T10:58:00+00:00,2024-04-26T05:19:48.268471404+00:00
demo_a,S004,Synthetic sensor 4,2024-09-13T07:12:00+00:00,2024-09-13T10:33:51.628729422+00:00
demo_a,S004,Synthetic sensor 4,2024-03-08T16:40:00+00:00,2024-03-08T17:16:02.360328696+00:00
demo_a,S004,Synthetic sensor 4,2024-07-14T01:37:00+00:00,2024-07-14T13:22:00.837252714+00:00
demo_b,S005,Synthetic sensor 5,2024-08-28T10:55:00+00:00,2024-08-28T14:29:32.921139480+00:00
demo_b,S005,Synthetic sensor 5,2024-12-18T16:11:00+00:00,2024-12-18T19:57:24.373431096+00:00
demo_b,S005,Synthetic sensor 5,2024-03-13T10:30:00+00:00,2024-03-13T13:30:19.544904528+00:00
demo_b,S005,Synthetic sensor 5,2024-05-16T01:13:00+00:00,2024-05-16T03:42:29.377032450+00:00
demo_b,S005,Synthetic sensor 5,2024-03-11T23:03:00+00:00,2024-03-12T06:06:31.039255601+00:00
demo_b,S005,Synthetic sensor 5,2024-03-04T21:16:00+00:00,2024-03-04T22:34:22.799738142+00:00
demo_b,S005,Synthetic sensor 5,2024-07-15T18:47:00+00:00,2024-07-16T03:45:10.688216160+00:00
demo_b,S005,Synthetic sensor 5,2024-12-26T10:30:00+00:00,2024-12-26T12:34:00.367672842+00:00
demo_b,S005,Synthetic sensor 5,2024-06-17T00:22:00+00:00,2024-06-17T22:45:29.826207876+00:00
demo_b,S005,Synthetic sensor 5,2024-06-18T00:25:00+00:00,2024-06-18T04:28:23.388106848+00:00
demo_b,S005,Synthetic sensor 5,2024-08-24T17:03:00+00:00,2024-08-25T07:18:22.418427816+00:00
demo_b,S005,Synthetic sensor 5,2024-05-19T04:16:00+00:00,2024-05-19T11:28:31.774548330+00:00
demo_b,S005,Synthetic sensor 5,2024-09-02T01:08:00+00:00,2024-09-02T15:40:23.573770848+00:00
demo_b,S005,Synthetic sensor 5,2024-07-12T04:25:00+00:00,2024-07-12T09:32:27.861780462+00:00
demo_b,S005,Synthetic sensor 5,2024-01-29T12:41:00+00:00,2024-01-29T20:32:26.589059310+00:00
demo_b,S005,Synthetic sensor 5,2024-08-19T04:55:00+00:00,2024-08-19T09:37:17.686887660+00:00
demo_b,S005,Synthetic sensor 5,2024-08-03T04:52:00+00:00,2024-08-03T07:57:35.962122564+00:00
demo_b,S005,Synthetic sensor 5,2024-06-11T12:50:00+00:00,2024-06-11T15:00:27.843164898+00:00
demo_b,S005,Synthetic sensor 5,2024-09-07T12:19:00+00:00,2024-09-07T12:56:23.314686450+00:00
demo_b,S005,Synthetic sensor 5,2024-12-20T10:17:00+00:00,2024-12-20T21:28:09.072983412+00:00
demo_b,S005,Synthetic sensor 5,2024-12-12T15:55:00+00:00,2024-12-13T04:14:47.932429332+00:00
demo_b,S005,Synthetic sensor 5,2024-08-16T05:50:00+00:00,2024-08-16T20:01:08.074416648+00:00
demo_b,S005,Synthetic sensor 5,2024-01-22T13:58:00+00:00,2024-01-22T19:05:14.852426196+00:00
demo_b,S005,Synthetic sensor 5,2024-04-15T03:01:00+00:00,2024-04-15T14:49:31.437930822+00:00
demo_b,S005,Synthetic sensor 5,2024-07-02T16:32:00+00:00,2024-07-02T18:42:53.237740134+00:00
demo_b,S005,Synthetic sensor 5,2024-02-14T12:26:00+00:00,2024-02-14T14:28:01.861088922+00:00
demo_b,S005,Synthetic sensor 5,2024-03-10T06:22:00+00:00,2024-03-10T08:16:08.373310416+00:00
demo_b,S005,Synthetic sensor 5,2024-06-25T11:52:00+00:00,2024-06-26T03:02:45.601714548+00:00
demo_b,S005,Synthetic sensor 5,2024-05-25T20:31:00+00:00,2024-05-26T03:41:44.128176396+00:00
demo_b,S005,Synthetic sensor 5,2024-11-04T02:34:00+00:00,2024-11-04T12:41:25.935919716+00:00
demo_b,S005,Synthetic sensor 5,2024-07-05T09:10:00+00:00,2024-07-05T16:55:51.361301280+00:00
demo_b,S005,Synthetic sensor 5,2024-09-03T18:54:00+00:00,2024-09-04T00:03:54.084564666+00:00
demo_b,S005,Synthetic sensor 5,2024-04-02T12:05:00+00:00,2024-04-02T23:13:44.652984894+00:00
demo_b,S005,Synthetic sensor 5,2024-01-20T18:34:00+00:00,2024-01-21T04:03:16.782527904+00:00
demo_b,S005,Synthetic sensor 5,2024-01-07T16:52:00+00:00,2024-01-07T21:30:04.305844068+00:00
demo_b,S005,Synthetic sensor 5,2024-02-14T23:52:00+00:00,2024-02-15T13:37:23.381065446+00:00
demo_a,S006,Synthetic sensor 6,2024-05-29T21:57:00+00:00,2024-05-30T06:35:05.102330640+00:00
demo_a,S006,Synthetic sensor 6,2024-08-24T16:44:00+00:00,2024-08-25T05:59:18.652809654+00:00
demo_a,S006,Synthetic sensor 6,2024-12-28T10:25:00+00:00,2024-12-29T11:52:37.251312978+00:00
demo_a,S006,Synthetic sensor 6,2024-11-22T14:52:00+00:00,2024-11-23T02:07:32.916814649+00:00
demo_a,S006,Synthetic sensor 6,2024-05-28T21:01:00+00:00,2024-05-28T22:12:08.982336870+00:00
demo_a,S006,Synthetic sensor 6,2024-07-01T11:36:00+00:00,2024-07-01T13:06:36.715032336+00:00
demo_a,S006,Synthetic sensor 6,2024-11-23T19:20:00+00:00,2024-11-24T17:27:20.829658098+00:00
demo_a,S006,Synthetic sensor 6,2024-10-11T07:25:00+00:00,2024-10-11T10:09:29.822618808+00:00
demo_a,S006,Synthetic sensor 6,2024-04-22T23:37:00+00:00,2024-04-23T16:56:24.380427042+00:00
demo_a,S006,Synthetic sensor 6,2024-08-02T07:59:00+00:00,2024-08-02T10:39:04.250565408+00:00
demo_a,S006,Synthetic sensor 6,2024-09-09T10:39:00+00:00,2024-09-09T15:54:32.110595526+00:00
demo_a,S006,Synthetic sensor 6,2024-04-23T00:48:00+00:00,2024-04-23T03:19:24.622481088+00:00
demo_a,S006,Synthetic sensor 6,2024-10-08T23:46:00+00:00,2024-10-09T05:42:39.724190550+00:00
demo_a,S006,Synthetic sensor 6,2024-11-24T10:20:00+00:00,2024-11-24T11:35:27.272215308+00:00
demo_a,S006,Synthetic sensor 6,2024-06-15T00:01:00+00:00,2024-06-16T08:57:23.521986900+00:00
demo_a,S006,Synthetic sensor 6,2024-04-06T03:55:00+00:00,2024-04-06T16:23:45.525939078+00:00
demo_a,S006,Synthetic sensor 6,2024-07-24T03:32:00+00:00,2024-07-24T05:07:34.736322378+00:00
demo_a,S006,Synthetic sensor 6,2024-12-21T18:24:00+00:00,2024-12-21T21:31:27.605070684+00:00
demo_a,S006,Synthetic sensor 6,2024-12-10T03:53:00+00:00,2024-12-10T06:59:23.451458922+00:00
demo_a,S006,Synthetic sensor 6,2024-10-12T13:53:00+00:00,2024-10-12T16:56:43.696472316+00:00
demo_a,S006,Synthetic sensor 6,2024-12-05T18:38:00+00:00,2024-12-06T04:14:05.797653672+00:00
demo_a,S006,Synthetic sensor 6,2024-09-16T12:11:00+00:00,2024-09-16T15:53:14.754090684+00:00
demo_a,S006,Synthetic sensor 6,2024-05-02T20:58:00+00:00,2024-05-03T03:02:39.636991884+00:00
demo_a,S006,Synthetic sensor 6,2024-12-13T19:26:00+00:00,2024-12-14T03:14:44.498686314+00:00
demo_a,S006,Synthetic sensor 6,2024-07-24T23:04:00+00:00,2024-07-25T05:44:23.254085316+00:00
demo_a,S006,Synthetic sensor 6,2024-04-24T02:30:00+00:00,2024-04-24T16:43:15.845181444+00:00
demo_a,S006,Synthetic sensor 6,2024-03-15T06:00:00+00:00,2024-03-15T13:20:50.614993410+00:00
demo_a,S006,Synthetic sensor 6,2024-05-15T11:31:00+00:00,2024-05-15T17:30:00.897247104+00:00
demo_a,S006,Synthetic sensor 6,2024-06-27T01:59:00+00:00,2024-06-27T03:57:42.497646048+00:00
demo_a,S006,Synthetic sensor 6,2024-07-07T23:08:00+00:00,2024-07-08T18:56:37.970383800+00:00
demo_a,S006,Synthetic sensor 6,2024-12-27T21:28:00+00:00,2024-12-28T23:40:54.217819584+00:00
demo_a,S006,Synthetic sensor 6,2024-02-13T10:40:00+00:00,2024-02-13T12:18:25.807175394+00:00
demo_a,S006,Synthetic sensor 6,2024-05-16T22:48:00+00:00,2024-05-17T02:23:53.127309666+00:00
demo_a,S006,Synthetic sensor 6,2024-09-21T04:40:00+00:00,2024-09-21T10:18:04.002116622+00:00
demo_a,S006,Synthetic sensor 6,2024-10-24T20:31:00+00:00,2024-10-25T09:22:31.191767105+00:00
demo_a,S006,Synthetic sensor 6,2024-07-06T06:27:00+00:00,2024-07-06T10:08:28.900418748+00:00
demo_b,S007,Synthetic sensor 7,2024-10-09T07:20:00+00:00,2024-10-09T10:43:46.180104810+00:00
demo_b,S007,Synthetic sensor 7,2024-02-22T18:55:00+00:00,2024-02-23T06:05:45.477677820+00:00
demo_b,S007,Synthetic sensor 7,2024-07-22T07:57:00+00:00,2024-07-22T12:04:03.330140418+00:00
demo_b,S007,Synthetic sensor 7,2024-03-14T10:38:00+00:00,2024-03-14T22:48:09.709523982+00:00
demo_b,S007,Synthetic sensor 7,2024-12-27T06:49:00+00:00,2024-12-28T09:46:49.139325114+00:00
demo_b,S007,Synthetic sensor 7,2024-08-05T05:25:00+00:00,2024-08-05T11:00:49.349672430+00:00
demo_b,S007,Synthetic sensor 7,2024-06-28T12:23:00+00:00,2024-06-29T02:35:58.025064066+00:00
demo_b,S007,Synthetic sensor 7,2024-02-05T16:25:00+00:00,2024-02-06T18:52:15.633925313+00:00
demo_b,S007,Synthetic sensor 7,2024-08-10T11:58:00+00:00,2024-08-11T07:25:13.018315152+00:00
demo_b,S007,Synthetic sensor 7,2024-04-20T20:29:00+00:00,2024-04-21T15:04:08.759457132+00:00
demo_b,S007,Synthetic sensor 7,2024-06-03T05:56:00+00:00,2024-06-03T16:38:46.568360214+00:00
demo_b,S007,Synthetic sensor 7,2024-07-25T10:26:00+00:00,2024-07-25T17:28:37.874784774+00:00
demo_b,S007,Synthetic sensor 7,2024-06-25T00:38:00+00:00,2024-06-25T04:51:27.552071922+00:00
demo_b,S007,Synthetic sensor 7,2024-06-19T18:54:00+00:00,2024-06-19T21:19:02.213965776+00:00
demo_b,S007,Synthetic sensor 7,2024-05-21T20:40:00+00:00,2024-05-22T06:09:44.392981260+00:00
demo_b,S007,Synthetic sensor 7,2024-11-10T12:03:00+00:00,2024-11-10T17:04:13.734658416+00:00
demo_b,S007,Synthetic sensor 7,2024-08-02T19:45:00+00:00,2024-08-02T22:03:45.235654368+00:00
demo_b,S007,Synthetic sensor 7,2024-05-27T19:32:00+00:00,2024-05-28T05:26:45.041768268+00:00
demo_b,S007,Synthetic sensor 7,2024-01-09T18:56:00+00:00,2024-01-10T04:34:14.739997566+00:00
demo_b,S007,Synthetic sensor 7,2024-11-15T17:57:00+00:00,2024-11-16T02:39:50.430586500+00:00
demo_b,S007,Synthetic sensor 7,2024-03-25T18:26:00+00:00,2024-03-25T21:51:11.712702006+00:00
demo_b,S007,Synthetic sensor 7,2024-04-18T07:19:00+00:00,2024-04-18T10:10:16.045253472+00:00
demo_b,S007,Synthetic sensor 7,2024-11-19T12:29:00+00:00,2024-11-19T16:01:29.937828774+00:00
demo_b,S007,Synthetic sensor 7,2024-08-03T08:15:00+00:00,2024-08-05T04:05:03.265709610+00:00
demo_b,S007,Synthetic sensor 7,2024-10-30T07:12:00+00:00,2024-10-30T09:55:06.106147698+00:00
demo_b,S007,Synthetic sensor 7,2024-01-18T08:21:00+00:00,2024-01-18T12:06:46.941720258+00:00
demo_b,S007,Synthetic sensor 7,2024-12-19T22:04:00+00:00,2024-12-20T00:58:17.039423075+00:00
demo_b,S007,Synthetic sensor 7,2024-04-19T20:24:00+00:00,2024-04-20T03:49:57.745442004+00:00
demo_b,S007,Synthetic sensor 7,2024-10-04T09:19:00+00:00,2024-10-04T15:05:09.599829228+00:00
demo_b,S007,Synthetic sensor 7,2024-06-16T11:01:00+00:00,2024-06-17T02:15:19.708100004+00:00
demo_b,S007,Synthetic sensor 7,2024-04-13T12:19:00+00:00,2024-04-13T18:22:17.024848200+00:00
demo_b,S007,Synthetic sensor 7,2024-07-03T17:10:00+00:00,2024-07-03T19:59:41.574255978+00:00
demo_b,S007,Synthetic sensor 7,2024-08-25T18:28:00+00:00,2024-08-26T03:28:13.358829456+00:00
demo_b,S007,Synthetic sensor 7,2024-12-30T02:51:00+00:00,2024-12-30T10:15:26.966128884+00:00
demo_b,S007,Synthetic sensor 7,2024-09-01T09:36:00+00:00,2024-09-01T16:46:32.455743504+00:00
demo_b,S007,Synthetic sensor 7,2024-07-25T12:00:00+00:00,2024-07-26T00:04:09.431606994+00:00
demo_a,S008,Synthetic sensor 8,2024-06-29T15:48:00+00:00,2024-06-29T17:11:44.664549636+00:00
demo_a,S008,Synthetic sensor 8,2024-02-09T14:21:00+00:00,2024-02-10T10:44:34.462418340+00:00
demo_a,S008,Synthetic sensor 8,2024-04-10T18:03:00+00:00,2024-04-10T19:52:19.137266130+00:00
demo_a,S008,Synthetic sensor 8,2024-07-24T22:53:00+00:00,2024-07-24T23:35:01.322192976+00:00
demo_a,S008,Synthetic sensor 8,2024-10-28T09:28:00+00:00,2024-10-28T11:53:57.979182852+00:00
demo_a,S008,Synthetic sensor 8,2024-01-15T08:41:00+00:00,2024-01-15T10:44:36.958350042+00:00
demo_a,S008,Synthetic sensor 8,2024-09-13T23:29:00+00:00,2024-09-14T06:26:53.067342510+00:00
demo_a,S008,Synthetic sensor 8,2024-10-18T01:42:00+00:00,2024-10-19T05:10:43.473698676+00:00
demo_a,S008,Synthetic sensor 8,2024-02-07T00:39:00+00:00,2024-02-07T19:04:52.448429892+00:00
demo_a,S008,Synthetic sensor 8,2024-12-16T21:34:00+00:00,2024-12-16T23:04:27.158419758+00:00
demo_a,S008,Synthetic sensor 8,2024-02-22T11:52:00+00:00,2024-02-22T16:05:14.882514330+00:00
demo_a,S008,Synthetic sensor 8,2024-02-04T18:39:00+00:00,2024-02-05T02:00:52.864215648+00:00
demo_a,S008,Synthetic sensor 8,2024-07-18T05:33:00+00:00,2024-07-18T11:24:01.242560232+00:00
demo_a,S008,Synthetic sensor 8,2024-11-06T11:50:00+00:00,2024-11-07T07:17:37.820804802+00:00
demo_a,S008,Synthetic sensor 8,2024-03-15T17:44:00+00:00,2024-03-16T03:26:23.899508178+00:00
demo_a,S008,Synthetic sensor 8,2024-12-12T18:17:00+00:00,2024-12-12T19:25:12.610445286+00:00
demo_a,S008,Synthetic sensor 8,2024-10-01T18:58:00+00:00,2024-10-01T22:49:40.843854666+00:00
demo_a,S008,Synthetic sensor 8,2024-11-23T09:08:00+00:00,2024-11-23T11:48:30.243899165+00:00
demo_a,S008,Synthetic sensor 8,2024-02-13T11:15:00+00:00,2024-02-13T18:16:50.704129308+00:00
demo_a,S008,Synthetic sensor 8,2024-12-26T04:32:00+00:00,2024-12-26T06:39:31.335437094+00:00
demo_a,S008,Synthetic sensor 8,2024-03-26T16:06:00+00:00,2024-03-26T20:19:14.343061962+00:00
demo_a,S008,Synthetic sensor 8,2024-11-06T20:14:00+00:00,2024-11-07T00:46:44.604781842+00:00
demo_a,S008,Synthetic sensor 8,2024-04-24T15:00:00+00:00,2024-04-25T03:14:49.601889126+00:00
demo_a,S008,Synthetic sensor 8,2024-01-12T16:54:00+00:00,2024-01-12T19:02:24.475990098+00:00
demo_a,S008,Synthetic sensor 8,2024-04-01T20:49:00+00:00,2024-04-01T23:35:28.072738398+00:00
demo_a,S008,Synthetic sensor 8,2024-05-16T16:43:00+00:00,2024-05-16T21:32:54.225241512+00:00
demo_a,S008,Synthetic sensor 8,2024-02-16T12:11:00+00:00,2024-02-16T18:35:16.758297354+00:00
demo_a,S008,Synthetic sensor 8,2024-12-04T10:06:00+00:00,2024-12-04T16:04:51.719104320+00:00
demo_a,S008,Synthetic sensor 8,2024-09-30T22:14:00+00:00,2024-10-02T00:32:32.365058351+00:00
demo_a,S008,Synthetic sensor 8,2024-04-09T05:35:00+00:00,2024-04-09T10:54:47.421844350+00:00
demo_a,S008,Synthetic sensor 8,2024-07-31T19:04:00+00:00,2024-07-31T23:09:44.357224416+00:00
demo_a,S008,Synthetic sensor 8,2024-07-29T21:44:00+00:00,2024-07-30T21:10:53.558771802+00:00
demo_a,S008,Synthetic sensor 8,2024-02-20T02:30:00+00:00,2024-02-20T09:56:49.839185994+00:00
demo_a,S008,Synthetic sensor 8,2024-10-29T08:58:00+00:00,2024-10-30T07:43:39.247040718+00:00
demo_a,S008,Synthetic sensor 8,2024-04-08T09:37:00+00:00,2024-04-08T12:01:41.958362958+00:00
demo_a,S008,Synthetic sensor 8,2024-12-17T15:58:00+00:00,2024-12-18T02:01:53.743972278+00:00
demo_b,S009,Synthetic sensor 9,2024-05-26T11:08:00+00:00,2024-05-26T22:05:22.161402342+00:00
demo_b,S009,Synthetic sensor 9,2024-10-21T17:55:00+00:00,2024-10-21T18:48:23.649771738+00:00
demo_b,S009,Synthetic sensor 9,2024-02-29T03:27:00+00:00,2024-03-01T09:56:33.549866652+00:00
demo_b,S009,Synthetic sensor 9,2024-08-06T05:29:00+00:00,2024-08-06T21:17:50.713139478+00:00
demo_b,S009,Synthetic sensor 9,2024-09-06T09:04:00+00:00,2024-09-06T11:23:30.810849030+00:00
demo_b,S009,Synthetic sensor 9,2024-11-01T23:55:00+00:00,2024-11-02T06:50:41.541392052+00:00
demo_b,S009,Synthetic sensor 9,2024-02-21T22:11:00+00:00,2024-02-22T01:09:08.919384594+00:00
demo_b,S009,Synthetic sensor 9,2024-03-26T11:03:00+00:00,2024-03-26T12:19:11.417797308+00:00
demo_b,S009,Synthetic sensor 9,2024-11-13T08:52:00+00:00,2024-11-13T19:52:24.593654592+00:00
demo_b,S009,Synthetic sensor 9,2024-08-08T07:21:00+00:00,2024-08-08T10:29:49.018052856+00:00
demo_b,S009,Synthetic sensor 9,2024-03-02T06:26:00+00:00,2024-03-02T15:00:38.786586036+00:00
demo_b,S009,Synthetic sensor 9,2024-10-19T12:38:00+00:00,2024-10-19T18:28:14.709325128+00:00
demo_b,S009,Synthetic sensor 9,2024-02-22T22:33:00+00:00,2024-02-23T06:16:48.112608438+00:00
demo_b,S009,Synthetic sensor 9,2024-09-19T17:05:00+00:00,2024-09-19T23:11:16.423705908+00:00
demo_b,S009,Synthetic sensor 9,2024-09-01T20:09:00+00:00,2024-09-01T21:15:32.016720389+00:00
demo_b,S009,Synthetic sensor 9,2024-03-05T03:13:00+00:00,2024-03-05T05:48:48.316964556+00:00
demo_b,S009,Synthetic sensor 9,2024-10-15T06:28:00+00:00,2024-10-15T15:14:41.918517912+00:00
demo_b,S009,Synthetic sensor 9,2024-12-04T05:27:00+00:00,2024-12-04T08:39:11.475022572+00:00
demo_b,S009,Synthetic sensor 9,2024-02-03T05:39:00+00:00,2024-02-03T08:15:04.022553533+00:00
demo_b,S009,Synthetic sensor 9,2024-10-07T14:47:00+00:00,2024-10-07T16:32:10.485517560+00:00
demo_b,S009,Synthetic sensor 9,2024-09-28T22:55:00+00:00,2024-09-29T01:11:52.753242084+00:00
demo_b,S009,Synthetic sensor 9,2024-02-29T20:51:00+00:00,2024-03-01T00:22:56.023949532+00:00
demo_b,S009,Synthetic sensor 9,2024-01-29T20:34:00+00:00,2024-01-30T06:52:18.036086778+00:00
demo_b,S009,Synthetic sensor 9,2024-04-02T07:47:00+00:00,2024-04-02T09:09:13.464225468+00:00
demo_b,S009,Synthetic sensor 9,2024-07-15T23:48:00+00:00,2024-07-17T21:37:18.877769190+00:00
demo_b,S009,Synthetic sensor 9,2024-03-28T04:04:00+00:00,2024-03-28T07:18:56.467086060+00:00
demo_b,S009,Synthetic sensor 9,2024-07-02T19:32:00+00:00,2024-07-02T22:54:16.618006176+00:00
demo_b,S009,Synthetic sensor 9,2024-10-17T06:59:00+00:00,2024-10-17T10:08:22.383920112+00:00
demo_b,S009,Synthetic sensor 9,2024-01-23T09:43:00+00:00,2024-01-23T12:40:18.843475518+00:00
demo_b,S009,Synthetic sensor 9,2024-06-16T02:04:00+00:00,2024-06-16T05:06:19.634943840+00:00
demo_b,S009,Synthetic sensor 9,2024-06-25T19:21:00+00:00,2024-06-25T23:58:12.729351456+00:00
demo_b,S009,Synthetic sensor 9,2024-04-11T17:36:00+00:00,2024-04-11T18:28:37.707714480+00:00
demo_b,S009,Synthetic sensor 9,2024-06-18T16:25:00+00:00,2024-06-18T17:14:06.375935586+00:00
demo_b,S009,Synthetic sensor 9,2024-05-15T07:05:00+00:00,2024-05-15T09:39:40.613855406+00:00
demo_b,S009,Synthetic sensor 9,2024-02-13T09:22:00+00:00,2024-02-13T10:49:34.896871644+00:00
demo_b,S009,Synthetic sensor 9,2024-06-22T12:28:00+00:00,2024-06-22T22:58:05.284531920+00:00
demo_a,S010,Synthetic sensor 10,2024-08-09T20:22:00+00:00,2024-08-09T21:32:35.147622522+00:00
demo_a,S010,Synthetic sensor 10,2024-01-16T11:51:00+00:00,2024-01-16T17:43:06.064919958+00:00
demo_a,S010,Synthetic sensor 10,2024-05-06T21:38:00+00:00,2024-05-08T00:45:56.008031388+00:00
demo_a,S010,Synthetic sensor 10,2024-07-04T16:23:00+00:00,2024-07-04T18:09:00.347702196+00:00
demo_a,S010,Synthetic sensor 10,2024-04-22T15:41:00+00:00,2024-04-23T12:54:20.815282488+00:00
demo_a,S010,Synthetic sensor 10,2024-10-08T13:54:00+00:00,2024-10-08T15:48:47.018280024+00:00
demo_a,S010,Synthetic sensor 10,2024-12-07T09:22:00+00:00,2024-12-07T13:01:36.988503654+00:00
demo_a,S010,Synthetic sensor 10,2024-07-16T01:31:00+00:00,2024-07-16T06:49:01.324108314+00:00
demo_a,S010,Synthetic sensor 10,2024-07-21T04:34:00+00:00,2024-07-21T08:42:00.058459224+00:00
demo_a,S010,Synthetic sensor 10,2024-01-04T10:08:00+00:00,2024-01-04T12:03:17.341496934+00:00
demo_a,S010,Synthetic sensor 10,2024-12-07T00:13:00+00:00,2024-12-07T09:29:08.780613858+00:00
demo_a,S010,Synthetic sensor 10,2024-11-02T04:17:00+00:00,2024-11-02T07:14:17.983032510+00:00
demo_a,S010,Synthetic sensor 10,2024-09-22T06:56:00+00:00,2024-09-22T10:31:31.830218760+00:00
demo_a,S010,Synthetic sensor 10,2024-10-22T03:14:00+00:00,2024-10-22T07:00:15.529390326+00:00
demo_a,S010,Synthetic sensor 10,2024-06-07T08:33:00+00:00,2024-06-07T14:19:25.734210330+00:00
demo_a,S010,Synthetic sensor 10,2024-02-23T20:47:00+00:00,2024-02-24T02:20:21.187587828+00:00
demo_a,S010,Synthetic sensor 10,2024-05-29T10:25:00+00:00,2024-05-29T13:00:14.218669860+00:00
demo_a,S010,Synthetic sensor 10,2024-10-10T13:48:00+00:00,2024-10-10T19:13:31.028420094+00:00
demo_a,S010,Synthetic sensor 10,2024-03-26T00:02:00+00:00,2024-03-26T03:07:41.669738418+00:00
demo_a,S010,Synthetic sensor 10,2024-09-09T12:39:00+00:00,2024-09-09T19:40:11.211463902+00:00
demo_a,S010,Synthetic sensor 10,2024-09-25T02:21:00+00:00,2024-09-25T07:17:18.185945916+00:00
demo_a,S010,Synthetic sensor 10,2024-09-18T00:10:00+00:00,2024-09-18T03:09:07.709403624+00:00
demo_a,S010,Synthetic sensor 10,2024-10-20T07:04:00+00:00,2024-10-20T09:24:09.627002916+00:00
demo_a,S010,Synthetic sensor 10,2024-04-09T22:13:00+00:00,2024-04-10T04:55:27.294636414+00:00
demo_a,S010,Synthetic sensor 10,2024-07-30T05:26:00+00:00,2024-07-30T06:58:22.462158192+00:00
demo_a,S010,Synthetic sensor 10,2024-08-10T04:38:00+00:00,2024-08-10T08:50:15.337053228+00:00
demo_a,S010,Synthetic sensor 10,2024-06-13T02:30:00+00:00,2024-06-13T13:46:28.677300792+00:00
demo_a,S010,Synthetic sensor 10,2024-07-08T17:23:00+00:00,2024-07-09T00:08:28.219606326+00:00
demo_a,S010,Synthetic sensor 10,2024-12-22T05:12:00+00:00,2024-12-22T10:04:49.571421972+00:00
demo_a,S010,Synthetic sensor 10,2024-05-16T05:16:00+00:00,2024-05-16T12:41:58.804184178+00:00
demo_a,S010,Synthetic sensor 10,2024-04-15T20:36:00+00:00,2024-04-16T04:03:29.773844700+00:00
demo_a,S010,Synthetic sensor 10,2024-02-06T08:19:00+00:00,2024-02-06T12:20:20.591569926+00:00
demo_a,S010,Synthetic sensor 10,2024-05-11T10:15:00+00:00,2024-05-11T17:07:15.694688796+00:00
demo_a,S010,Synthetic sensor 10,2024-05-12T15:58:00+00:00,2024-05-12T17:52:03.182521356+00:00
demo_a,S010,Synthetic sensor 10,2024-08-08T18:47:00+00:00,2024-08-08T21:56:04.302001470+00:00
demo_a,S010,Synthetic sensor 10,2024-07-19T12:45:00+00:00,2024-07-19T14:31:01.148364852+00:00
demo_b,S011,Synthetic sensor 11,2024-02-05T02:28:00+00:00,2024-02-05T08:17:04.094780064+00:00
demo_b,S011,Synthetic sensor 11,2024-04-24T09:32:00+00:00,2024-04-24T12:22:32.223930576+00:00
demo_b,S011,Synthetic sensor 11,2024-09-23T16:49:00+00:00,2024-09-24T10:53:07.396979562+00:00
demo_b,S011,Synthetic sensor 11,2024-12-26T02:34:00+00:00,2024-12-26T04:44:10.496570454+00:00
demo_b,S011,Synthetic sensor 11,2024-08-24T20:25:00+00:00,2024-08-24T23:50:11.416753920+00:00
demo_b,S011,Synthetic sensor 11,2024-02-18T06:33:00+00:00,2024-02-18T16:52:56.908851006+00:00
demo_b,S011,Synthetic sensor 11,2024-05-13T07:52:00+00:00,2024-05-13T11:39:45.147529002+00:00
demo_b,S011,Synthetic sensor 11,2024-12-04T10:49:00+00:00,2024-12-04T17:04:08.323442519+00:00
demo_b,S011,Synthetic sensor 11,2024-03-08T01:02:00+00:00,2024-03-08T12:06:05.953514316+00:00
demo_b,S011,Synthetic sensor 11,2024-02-28T21:23:00+00:00,2024-02-29T06:19:17.132804310+00:00
demo_b,S011,Synthetic sensor 11,2024-10-15T21:17:00+00:00,2024-10-15T23:27:20.745082752+00:00
demo_b,S011,Synthetic sensor 11,2024-04-20T00:05:00+00:00,2024-04-20T13:44:08.480475924+00:00
demo_b,S011,Synthetic sensor 11,2024-10-03T07:03:00+00:00,2024-10-04T08:02:43.559245818+00:00
demo_b,S011,Synthetic sensor 11,2024-11-07T04:34:00+00:00,2024-11-07T07:00:00.022195380+00:00
demo_b,S011,Synthetic sensor 11,2024-05-05T22:05:00+00:00,2024-05-06T09:29:44.156669112+00:00
demo_b,S011,Synthetic sensor 11,2024-01-19T16:36:00+00:00,2024-01-20T14:21:21.578336118+00:00
demo_b,S011,Synthetic sensor 11,2024-12-13T00:42:00+00:00,2024-12-13T04:37:11.239506222+00:00
demo_b,S011,Synthetic sensor 11,2024-04-19T22:56:00+00:00,2024-04-20T11:43:07.981626042+00:00
demo_b,S011,Synthetic sensor 11,2024-03-19T16:11:00+00:00,2024-03-20T03:54:36.244182834+00:00
demo_b,S011,Synthetic sensor 11,2024-05-04T23:22:00+00:00,2024-05-05T08:04:48.026218212+00:00
demo_b,S011,Synthetic sensor 11,2024-12-08T00:48:00+00:00,2024-12-08T02:51:26.547357816+00:00
demo_b,S011,Synthetic sensor 11,2024-09-19T17:51:00+00:00,2024-09-19T20:16:41.024730630+00:00
demo_b,S011,Synthetic sensor 11,2024-12-21T08:34:00+00:00,2024-12-23T19:05:29.638098690+00:00
demo_b,S011,Synthetic sensor 11,2024-12-01T12:23:00+00:00,2024-12-03T03:02:32.230369842+00:00
demo_b,S011,Synthetic sensor 11,2024-01-22T06:24:00+00:00,2024-01-22T14:18:13.727453160+00:00
demo_b,S011,Synthetic sensor 11,2024-11-13T02:44:00+00:00,2024-11-13T16:12:16.036763501+00:00
demo_b,S011,Synthetic sensor 11,2024-02-18T17:50:00+00:00,2024-02-18T19:54:04.378333968+00:00
demo_b,S011,Synthetic sensor 11,2024-08-08T06:39:00+00:00,2024-08-10T03:13:55.244493570+00:00
demo_b,S011,Synthetic sensor 11,2024-10-14T23:23:00+00:00,2024-10-15T09:02:15.864865788+00:00
demo_b,S011,Synthetic sensor 11,2024-08-03T14:21:00+00:00,2024-08-03T17:24:09.716084514+00:00
demo_b,S011,Synthetic sensor 11,2024-08-15T06:36:00+00:00,2024-08-15T12:17:01.235818188+00:00
demo_b,S011,Synthetic sensor 11,2024-01-27T05:33:00+00:00,2024-01-27T08:03:20.868813768+00:00
demo_b,S011,Synthetic sensor 11,2024-12-09T10:48:00+00:00,2024-12-10T20:15:32.290077048+00:00
demo_b,S011,Synthetic sensor 11,2024-12-03T02:49:00+00:00,2024-12-03T05:10:44.987286864+00:00
demo_b,S011,Synthetic sensor 11,2024-01-03T17:32:00+00:00,2024-01-04T05:59:02.231496156+00:00
demo_b,S011,Synthetic sensor 11,2024-12-13T21:59:00+00:00,2024-12-14T05:37:17.552233422+00:00
demo_a,S012,Synthetic sensor 12,2024-08-05T01:26:00+00:00,2024-08-05T01:47:53.549223258+00:00
demo_a,S012,Synthetic sensor 12,2024-01-24T14:42:00+00:00,2024-01-24T19:31:18.649210218+00:00
demo_a,S012,Synthetic sensor 12,2024-03-08T01:18:00+00:00,2024-03-08T05:28:27.311234874+00:00
demo_a,S012,Synthetic sensor 12,2024-10-21T09:09:00+00:00,2024-10-21T11:18:43.180363872+00:00
demo_a,S012,Synthetic sensor 12,2024-10-10T15:36:00+00:00,2024-10-10T17:34:34.366083978+00:00
demo_a,S012,Synthetic sensor 12,2024-05-04T20:14:00+00:00,2024-05-05T01:36:21.043347966+00:00
demo_a,S012,Synthetic sensor 12,2024-12-07T04:03:00+00:00,2024-12-07T11:10:07.587391698+00:00
demo_a,S012,Synthetic sensor 12,2024-06-18T07:07:00+00:00,2024-06-18T09:41:18.702932526+00:00
demo_a,S012,Synthetic sensor 12,2024-08-18T20:59:00+00:00,2024-08-19T00:59:16.536135210+00:00
demo_a,S012,Synthetic sensor 12,2024-05-15T21:58:00+00:00,2024-05-16T00:01:37.555034226+00:00
demo_a,S012,Synthetic sensor 12,2024-04-14T02:56:00+00:00,2024-04-14T05:32:13.717476102+00:00
demo_a,S012,Synthetic sensor 12,2024-05-12T04:09:00+00:00,2024-05-12T12:09:19.666528392+00:00
demo_a,S012,Synthetic sensor 12,2024-07-01T23:11:00+00:00,2024-07-02T05:05:54.364175652+00:00
demo_a,S012,Synthetic sensor 12,2024-04-19T10:46:00+00:00,2024-04-19T14:21:23.354086950+00:00
demo_a,S012,Synthetic sensor 12,2024-08-20T05:28:00+00:00,2024-08-20T13:25:58.157986074+00:00
demo_a,S012,Synthetic sensor 12,2024-04-07T18:50:00+00:00,2024-04-07T20:30:34.978484628+00:00
demo_a,S012,Synthetic sensor 12,2024-02-08T11:41:00+00:00,2024-02-08T17:01:38.876803458+00:00
demo_a,S012,Synthetic sensor 12,2024-12-02T05:04:00+00:00,2024-12-02T10:02:59.249155440+00:00
demo_a,S012,Synthetic sensor 12,2024-10-01T07:10:00+00:00,2024-10-02T00:46:39.581904906+00:00
demo_a,S012,Synthetic sensor 12,2024-10-08T18:34:00+00:00,2024-10-09T04:20:30.956933939+00:00
demo_a,S012,Synthetic sensor 12,2024-06-24T11:09:00+00:00,2024-06-24T18:57:40.761281082+00:00
demo_a,S012,Synthetic sensor 12,2024-11-05T14:54:00+00:00,2024-11-06T21:43:40.125603558+00:00
demo_a,S012,Synthetic sensor 12,2024-08-28T13:39:00+00:00,2024-08-28T16:15:31.707822318+00:00
demo_a,S012,Synthetic sensor 12,2024-12-18T22:54:00+00:00,2024-12-19T04:05:32.470519374+00:00
demo_a,S012,Synthetic sensor 12,2024-05-30T14:36:00+00:00,2024-05-31T00:07:53.303375892+00:00
demo_a,S012,Synthetic sensor 12,2024-02-12T11:18:00+00:00,2024-02-12T12:56:45.301724736+00:00
demo_a,S012,Synthetic sensor 12,2024-12-11T11:46:00+00:00,2024-12-11T15:09:38.416481448+00:00
demo_a,S012,Synthetic sensor 12,2024-09-01T08:34:00+00:00,2024-09-01T12:41:32.222409474+00:00
demo_a,S012,Synthetic sensor 12,2024-10-23T00:40:00+00:00,2024-10-23T05:55:14.163519072+00:00
demo_a,S012,Synthetic sensor 12,2024-07-23T06:36:00+00:00,2024-07-23T09:57:02.974765932+00:00
demo_a,S012,Synthetic sensor 12,2024-04-27T04:37:00+00:00,2024-04-27T16:03:05.947218624+00:00
demo_a,S012,Synthetic sensor 12,2024-11-13T08:50:00+00:00,2024-11-13T10:05:45.282600798+00:00
demo_a,S012,Synthetic sensor 12,2024-12-15T20:47:00+00:00,2024-12-16T06:23:51.726894672+00:00
demo_a,S012,Synthetic sensor 12,2024-03-18T20:46:00+00:00,2024-03-19T02:20:30.792050939+00:00
demo_a,S012,Synthetic sensor 12,2024-06-25T08:06:00+00:00,2024-06-25T12:37:25.149645858+00:00
demo_a,S012,Synthetic sensor 12,2024-07-06T22:37:00+00:00,2024-07-07T06:43:46.784379552+00:00
demo_b,S013,Synthetic sensor 13,2024-01-31T05:52:00+00:00,2024-01-31T14:06:10.238217816+00:00
demo_b,S013,Synthetic sensor 13,2024-04-30T15:48:00+00:00,2024-04-30T20:48:02.310000894+00:00
demo_b,S013,Synthetic sensor 13,2024-04-11T04:33:00+00:00,2024-04-11T07:23:56.513949606+00:00
demo_b,S013,Synthetic sensor 13,2024-05-20T00:01:00+00:00,2024-05-20T04:19:53.180115930+00:00
demo_b,S013,Synthetic sensor 13,2024-10-29T14:46:00+00:00,2024-10-29T16:56:10.783633650+00:00
demo_b,S013,Synthetic sensor 13,2024-01-02T08:45:00+00:00,2024-01-02T14:18:09.317174748+00:00
demo_b,S013,Synthetic sensor 13,2024-04-02T02:27:00+00:00,2024-04-02T08:25:14.563835310+00:00
demo_b,S013,Synthetic sensor 13,2024-05-23T16:11:00+00:00,2024-05-26T05:15:35.978124768+00:00
demo_b,S013,Synthetic sensor 13,2024-01-26T19:15:00+00:00,2024-01-27T00:44:46.191152280+00:00
demo_b,S013,Synthetic sensor 13,2024-06-29T23:52:00+00:00,2024-06-30T01:16:40.899996336+00:00
demo_b,S013,Synthetic sensor 13,2024-11-11T14:44:00+00:00,2024-11-11T19:54:22.209153552+00:00
demo_b,S013,Synthetic sensor 13,2024-09-08T23:04:00+00:00,2024-09-09T02:06:11.989430610+00:00
demo_b,S013,Synthetic sensor 13,2024-06-19T07:48:00+00:00,2024-06-19T10:15:53.025189198+00:00
demo_b,S013,Synthetic sensor 13,2024-10-05T08:12:00+00:00,2024-10-06T02:51:28.092249912+00:00
demo_b,S013,Synthetic sensor 13,2024-04-26T06:33:00+00:00,2024-04-26T13:54:13.940726220+00:00
demo_b,S013,Synthetic sensor 13,2024-09-12T18:14:00+00:00,2024-09-13T05:40:33.701393688+00:00
demo_b,S013,Synthetic sensor 13,2024-06-06T01:21:00+00:00,2024-06-06T07:46:58.435137198+00:00
demo_b,S013,Synthetic sensor 13,2024-07-30T22:01:00+00:00,2024-07-31T03:01:28.253090574+00:00
demo_b,S013,Synthetic sensor 13,2024-11-07T22:19:00+00:00,2024-11-08T00:44:55.114474278+00:00
demo_b,S013,Synthetic sensor 13,2024-08-06T09:50:00+00:00,2024-08-06T12:45:33.054004290+00:00
demo_b,S013,Synthetic sensor 13,2024-05-28T08:59:00+00:00,2024-05-28T13:48:09.239465160+00:00
demo_b,S013,Synthetic sensor 13,2024-09-24T09:42:00+00:00,2024-09-24T18:19:07.354488882+00:00
demo_b,S013,Synthetic sensor 13,2024-02-07T00:11:00+00:00,2024-02-07T07:15:04.708408692+00:00
demo_b,S013,Synthetic sensor 13,2024-03-16T12:58:00+00:00,2024-03-16T15:48:09.456878460+00:00
demo_b,S013,Synthetic sensor 13,2024-02-06T02:05:00+00:00,2024-02-06T06:15:37.480380936+00:00
demo_b,S013,Synthetic sensor 13,2024-08-31T21:59:00+00:00,2024-09-01T01:17:34.197809988+00:00
demo_b,S013,Synthetic sensor 13,2024-03-31T20:37:00+00:00,2024-03-31T23:50:52.384402032+00:00
demo_b,S013,Synthetic sensor 13,2024-06-03T12:39:00+00:00,2024-06-03T16:05:03.587280102+00:00
demo_b,S013,Synthetic sensor 13,2024-11-09T23:33:00+00:00,2024-11-10T04:32:05.975014908+00:00
demo_b,S013,Synthetic sensor 13,2024-06-09T05:01:00+00:00,2024-06-09T12:29:02.007453144+00:00
demo_b,S013,Synthetic sensor 13,2024-04-23T11:40:00+00:00,2024-04-23T18:14:58.050607488+00:00
demo_b,S013,Synthetic sensor 13,2024-01-17T11:14:00+00:00,2024-01-17T12:19:06.125939268+00:00
demo_b,S013,Synthetic sensor 13,2024-10-05T17:37:00+00:00,2024-10-06T01:47:39.780168558+00:00
demo_b,S013,Synthetic sensor 13,2024-05-21T10:42:00+00:00,2024-05-21T12:43:35.000589948+00:00
demo_b,S013,Synthetic sensor 13,2024-07-12T21:45:00+00:00,2024-07-12T23:38:43.003397298+00:00
demo_b,S013,Synthetic sensor 13,2024-09-02T05:51:00+00:00,2024-09-02T06:20:59.818290642+00:00
demo_a,S014,Synthetic sensor 14,2024-09-25T18:44:00+00:00,2024-09-25T23:00:07.512832206+00:00
demo_a,S014,Synthetic sensor 14,2024-03-10T09:30:00+00:00,2024-03-10T19:10:05.579091636+00:00
demo_a,S014,Synthetic sensor 14,2024-05-30T21:41:00+00:00,2024-05-31T23:21:09.138393552+00:00
demo_a,S014,Synthetic sensor 14,2024-02-07T14:41:00+00:00,2024-02-07T21:44:49.986380238+00:00
demo_a,S014,Synthetic sensor 14,2024-09-12T10:00:00+00:00,2024-09-12T10:23:04.828749180+00:00
demo_a,S014,Synthetic sensor 14,2024-04-04T15:12:00+00:00,2024-04-05T20:14:01.570436880+00:00
demo_a,S014,Synthetic sensor 14,2024-03-09T20:11:00+00:00,2024-03-09T21:08:29.699888346+00:00
demo_a,S014,Synthetic sensor 14,2024-09-23T02:00:00+00:00,2024-09-23T05:36:55.764320952+00:00
demo_a,S014,Synthetic sensor 14,2024-02-08T10:06:00+00:00,2024-02-08T14:46:03.703807056+00:00
demo_a,S014,Synthetic sensor 14,2024-09-28T12:19:00+00:00,2024-09-28T17:02:22.867501188+00:00
demo_a,S014,Synthetic sensor 14,2024-11-09T06:49:00+00:00,2024-11-09T17:44:02.751988884+00:00
demo_a,S014,Synthetic sensor 14,2024-06-20T00:54:00+00:00,2024-06-20T07:12:55.751396274+00:00
demo_a,S014,Synthetic sensor 14,2024-10-15T12:20:00+00:00,2024-10-15T17:49:36.767584596+00:00
demo_a,S014,Synthetic sensor 14,2024-09-10T15:39:00+00:00,2024-09-10T19:45:36.185298072+00:00
demo_a,S014,Synthetic sensor 14,2024-05-04T20:22:00+00:00,2024-05-04T22:53:58.602189144+00:00
demo_a,S014,Synthetic sensor 14,2024-12-22T18:22:00+00:00,2024-12-23T04:47:08.977570722+00:00
demo_a,S014,Synthetic sensor 14,2024-02-13T17:54:00+00:00,2024-02-14T00:00:46.651129974+00:00
demo_a,S014,Synthetic sensor 14,2024-03-06T07:21:00+00:00,2024-03-07T10:10:04.272351192+00:00
demo_a,S014,Synthetic sensor 14,2024-12-27T16:22:00+00:00,2024-12-27T20:56:04.665286110+00:00
demo_a,S014,Synthetic sensor 14,2024-06-14T03:45:00+00:00,2024-06-14T07:31:36.687076884+00:00
demo_a,S014,Synthetic sensor 14,2024-04-30T14:35:00+00:00,2024-05-01T00:31:30.970005330+00:00
demo_a,S014,Synthetic sensor 14,2024-05-16T17:51:00+00:00,2024-05-17T01:10:29.155581738+00:00
demo_a,S014,Synthetic sensor 14,2024-02-14T05:20:00+00:00,2024-02-14T08:35:49.867532850+00:00
demo_a,S014,Synthetic sensor 14,2024-03-15T16:34:00+00:00,2024-03-15T20:02:18.957331974+00:00
demo_a,S014,Synthetic sensor 14,2024-01-22T21:58:00+00:00,2024-01-23T01:06:09.332782500+00:00
demo_a,S014,Synthetic sensor 14,2024-02-05T20:08:00+00:00,2024-02-06T00:17:25.269014922+00:00
demo_a,S014,Synthetic sensor 14,2024-05-20T14:49:00+00:00,2024-05-20T22:35:27.434073816+00:00
demo_a,S014,Synthetic sensor 14,2024-04-24T14:19:00+00:00,2024-04-24T15:18:14.590786524+00:00
demo_a,S014,Synthetic sensor 14,2024-03-22T22:56:00+00:00,2024-03-23T07:08:57.576005178+00:00
demo_a,S014,Synthetic sensor 14,2024-03-09T01:03:00+00:00,2024-03-09T06:35:36.601486038+00:00
demo_a,S014,Synthetic sensor 14,2024-12-26T10:07:00+00:00,2024-12-26T13:10:39.566681430+00:00
demo_a,S014,Synthetic sensor 14,2024-06-05T16:56:00+00:00,2024-06-07T23:55:20.863574442+00:00
demo_a,S014,Synthetic sensor 14,2024-12-27T09:35:00+00:00,2024-12-27T13:35:29.433930756+00:00
demo_a,S014,Synthetic sensor 14,2024-10-31T23:33:00+00:00,2024-11-01T12:21:10.951050792+00:00
demo_a,S014,Synthetic sensor 14,2024-11-02T01:03:00+00:00,2024-11-02T17:48:22.912129710+00:00
demo_a,S014,Synthetic sensor 14,2024-11-21T21:13:00+00:00,2024-11-22T07:00:48.393322116+00:00
demo_b,S015,Synthetic sensor 15,2024-01-02T14:43:00+00:00,2024-01-03T00:28:22.310456502+00:00
demo_b,S015,Synthetic sensor 15,2024-04-05T19:25:00+00:00,2024-04-05T21:02:36.333226608+00:00
demo_b,S015,Synthetic sensor 15,2024-06-17T16:36:00+00:00,2024-06-17T19:34:02.641205880+00:00
demo_b,S015,Synthetic sensor 15,2024-07-25T22:02:00+00:00,2024-07-26T05:10:07.846207062+00:00
demo_b,S015,Synthetic sensor 15,2024-10-24T01:52:00+00:00,2024-10-24T12:40:19.156752552+00:00
demo_b,S015,Synthetic sensor 15,2024-10-27T06:26:00+00:00,2024-10-27T08:44:45.783474078+00:00
demo_b,S015,Synthetic sensor 15,2024-04-29T08:35:00+00:00,2024-04-29T09:47:06.462279306+00:00
demo_b,S015,Synthetic sensor 15,2024-07-29T03:30:00+00:00,2024-07-29T07:35:40.421896200+00:00
demo_b,S015,Synthetic sensor 15,2024-03-26T10:12:00+00:00,2024-03-26T19:27:24.795786294+00:00
demo_b,S015,Synthetic sensor 15,2024-10-23T12:18:00+00:00,2024-10-24T01:37:44.919162618+00:00
demo_b,S015,Synthetic sensor 15,2024-08-28T14:46:00+00:00,2024-08-28T18:04:40.113164802+00:00
demo_b,S015,Synthetic sensor 15,2024-02-09T00:24:00+00:00,2024-02-09T02:20:56.291196648+00:00
demo_b,S015,Synthetic sensor 15,2024-03-18T07:27:00+00:00,2024-03-18T14:56:45.415713084+00:00
demo_b,S015,Synthetic sensor 15,2024-08-16T18:42:00+00:00,2024-08-16T22:25:28.874286444+00:00
demo_b,S015,Synthetic sensor 15,2024-02-23T19:23:00+00:00,2024-02-24T00:16:23.343669906+00:00
demo_b,S015,Synthetic sensor 15,2024-05-30T00:02:00+00:00,2024-05-30T04:03:41.801616072+00:00
demo_b,S015,Synthetic sensor 15,2024-09-27T23:08:00+00:00,2024-09-28T02:28:17.232767790+00:00
demo_b,S015,Synthetic sensor 15,2024-02-20T07:49:00+00:00,2024-02-20T13:12:26.317011396+00:00
demo_b,S015,Synthetic sensor 15,2024-08-01T08:46:00+00:00,2024-08-01T16:48:04.982059038+00:00
demo_b,S015,Synthetic sensor 15,2024-01-27T23:16:00+00:00,2024-01-28T01:22:00.033309834+00:00
demo_b,S015,Synthetic sensor 15,2024-08-10T03:22:00+00:00,2024-08-10T08:13:46.952013156+00:00
demo_b,S015,Synthetic sensor 15,2024-06-15T09:42:00+00:00,2024-06-15T23:24:58.610340432+00:00
demo_b,S015,Synthetic sensor 15,2024-01-12T05:52:00+00:00,2024-01-12T18:09:06.969124146+00:00
demo_b,S015,Synthetic sensor 15,2024-11-11T03:29:00+00:00,2024-11-11T12:36:24.184777656+00:00
demo_b,S015,Synthetic sensor 15,2024-08-05T09:03:00+00:00,2024-08-05T12:02:16.146787530+00:00
demo_b,S015,Synthetic sensor 15,2024-12-09T22:44:00+00:00,2024-12-10T05:35:12.330997782+00:00
demo_b,S015,Synthetic sensor 15,2024-05-29T18:19:00+00:00,2024-05-30T00:39:05.707077300+00:00
demo_b,S015,Synthetic sensor 15,2024-07-21T10:25:00+00:00,2024-07-22T03:57:40.688995152+00:00
demo_b,S015,Synthetic sensor 15,2024-07-14T14:35:00+00:00,2024-07-14T19:20:43.299711912+00:00
demo_b,S015,Synthetic sensor 15,2024-05-04T13:37:00+00:00,2024-05-04T18:41:42.054547512+00:00
demo_b,S015,Synthetic sensor 15,2024-07-11T12:57:00+00:00,2024-07-12T01:59:50.755298328+00:00
demo_b,S015,Synthetic sensor 15,2024-01-08T20:49:00+00:00,2024-01-09T01:09:54.982141230+00:00
demo_b,S015,Synthetic sensor 15,2024-03-23T06:18:00+00:00,2024-03-23T11:01:54.955863252+00:00
demo_b,S015,Synthetic sensor 15,2024-10-14T16:13:00+00:00,2024-10-14T20:37:57.403878516+00:00
demo_b,S015,Synthetic sensor 15,2024-09-28T20:19:00+00:00,2024-09-28T23:06:02.578148154+00:00
demo_b,S015,Synthetic sensor 15,2024-03-23T18:16:00+00:00,2024-03-24T13:23:26.497536906+00:00
demo_a,S016,Synthetic sensor 16,2024-10-12T14:27:00+00:00,2024-10-12T17:12:44.677697562+00:00
demo_a,S016,Synthetic sensor 16,2024-11-29T22:16:00+00:00,2024-11-30T04:18:35.666790336+00:00
demo_a,S016,Synthetic sensor 16,2024-05-28T17:03:00+00:00,2024-05-28T18:59:59.869517064+00:00
demo_a,S016,Synthetic sensor 16,2024-07-06T23:49:00+00:00,2024-07-07T01:01:09.399774372+00:00
demo_a,S016,Synthetic sensor 16,2024-04-21T16:23:00+00:00,2024-04-22T01:33:03.789377171+00:00
demo_a,S016,Synthetic sensor 16,2024-12-28T01:30:00+00:00,2024-12-28T10:17:49.017162504+00:00
demo_a,S016,Synthetic sensor 16,2024-10-18T05:51:00+00:00,2024-10-19T07:00:34.174801896+00:00
demo_a,S016,Synthetic sensor 16,2024-09-20T15:17:00+00:00,2024-09-20T22:39:46.895786328+00:00
demo_a,S016,Synthetic sensor 16,2024-03-25T20:42:00+00:00,2024-03-26T01:03:59.084847570+00:00
demo_a,S016,Synthetic sensor 16,2024-03-15T02:46:00+00:00,2024-03-15T04:35:29.527565592+00:00
demo_a,S016,Synthetic sensor 16,2024-08-04T11:24:00+00:00,2024-08-04T14:54:21.147420522+00:00
demo_a,S016,Synthetic sensor 16,2024-11-18T19:51:00+00:00,2024-11-19T02:05:33.456307824+00:00
demo_a,S016,Synthetic sensor 16,2024-10-29T10:38:00+00:00,2024-10-29T18:52:20.596945170+00:00
demo_a,S016,Synthetic sensor 16,2024-01-24T05:39:00+00:00,2024-01-24T10:50:06.945880134+00:00
demo_a,S016,Synthetic sensor 16,2024-07-09T19:35:00+00:00,2024-07-10T05:31:02.303161212+00:00
demo_a,S016,Synthetic sensor 16,2024-09-26T14:10:00+00:00,2024-09-26T15:32:26.599113168+00:00
demo_a,S016,Synthetic sensor 16,2024-06-22T06:22:00+00:00,2024-06-23T00:02:51.321566178+00:00
demo_a,S016,Synthetic sensor 16,2024-10-17T09:30:00+00:00,2024-10-17T15:10:02.293220586+00:00
demo_a,S016,Synthetic sensor 16,2024-09-16T09:22:00+00:00,2024-09-16T17:10:00.061786271+00:00
demo_a,S016,Synthetic sensor 16,2024-01-18T22:55:00+00:00,2024-01-19T01:19:02.721450240+00:00
demo_a,S016,Synthetic sensor 16,2024-05-23T20:34:00+00:00,2024-05-23T21:37:04.413531540+00:00
demo_a,S016,Synthetic sensor 16,2024-03-31T22:28:00+00:00,2024-04-01T01:00:48.087877686+00:00
demo_a,S016,Synthetic sensor 16,2024-10-07T05:23:00+00:00,2024-10-07T14:13:17.701528806+00:00
demo_a,S016,Synthetic sensor 16,2024-12-04T02:43:00+00:00,2024-12-04T23:37:31.455863280+00:00
demo_a,S016,Synthetic sensor 16,2024-09-24T18:19:00+00:00,2024-09-25T01:16:59.794061802+00:00
demo_a,S016,Synthetic sensor 16,2024-04-10T17:47:00+00:00,2024-04-10T18:41:17.949812370+00:00
demo_a,S016,Synthetic sensor 16,2024-11-06T16:49:00+00:00,2024-11-06T20:17:58.236587868+00:00
demo_a,S016,Synthetic sensor 16,2024-08-06T15:31:00+00:00,2024-08-06T20:17:00.807111720+00:00
demo_a,S016,Synthetic sensor 16,2024-04-18T19:37:00+00:00,2024-04-19T10:13:34.229055642+00:00
demo_a,S016,Synthetic sensor 16,2024-01-16T19:22:00+00:00,2024-01-16T23:09:55.147285488+00:00
demo_a,S016,Synthetic sensor 16,2024-04-21T22:11:00+00:00,2024-04-22T00:34:54.774112416+00:00
demo_a,S016,Synthetic sensor 16,2024-07-23T15:44:00+00:00,2024-07-23T21:57:17.911778250+00:00
demo_a,S016,Synthetic sensor 16,2024-05-27T10:16:00+00:00,2024-05-27T12:47:33.125819771+00:00
demo_a,S016,Synthetic sensor 16,2024-11-14T10:47:00+00:00,2024-11-14T17:05:01.062998298+00:00
demo_a,S016,Synthetic sensor 16,2024-02-05T14:05:00+00:00,2024-02-05T15:49:27.994125450+00:00
demo_a,S016,Synthetic sensor 16,2024-11-22T07:15:00+00:00,2024-11-22T09:00:01.238761038+00:00
demo_b,S017,Synthetic sensor 17,2024-07-17T05:34:00+00:00,2024-07-17T12:26:30.977288172+00:00
demo_b,S017,Synthetic sensor 17,2024-06-16T21:19:00+00:00,2024-06-17T05:01:14.039562744+00:00
demo_b,S017,Synthetic sensor 17,2024-01-15T05:41:00+00:00,2024-01-15T12:43:20.147654730+00:00
demo_b,S017,Synthetic sensor 17,2024-06-10T23:25:00+00:00,2024-06-11T00:56:46.222045740+00:00
demo_b,S017,Synthetic sensor 17,2024-11-30T21:55:00+00:00,2024-12-01T10:39:52.679713068+00:00
demo_b,S017,Synthetic sensor 17,2024-04-05T16:54:00+00:00,2024-04-05T23:29:07.361186388+00:00
demo_b,S017,Synthetic sensor 17,2024-05-10T08:52:00+00:00,2024-05-10T16:35:25.448201598+00:00
demo_b,S017,Synthetic sensor 17,2024-03-15T15:09:00+00:00,2024-03-16T02:17:40.829067120+00:00
demo_b,S017,Synthetic sensor 17,2024-03-19T00:21:00+00:00,2024-03-20T01:58:45.405136848+00:00
demo_b,S017,Synthetic sensor 17,2024-04-11T12:49:00+00:00,2024-04-11T14:31:37.848063012+00:00
demo_b,S017,Synthetic sensor 17,2024-03-18T05:12:00+00:00,2024-03-18T14:18:03.550726548+00:00
demo_b,S017,Synthetic sensor 17,2024-06-16T19:46:00+00:00,2024-06-17T00:07:11.466766560+00:00
demo_b,S017,Synthetic sensor 17,2024-09-06T20:47:00+00:00,2024-09-07T02:05:25.926407856+00:00
demo_b,S017,Synthetic sensor 17,2024-06-24T09:20:00+00:00,2024-06-24T15:15:32.020418573+00:00
demo_b,S017,Synthetic sensor 17,2024-10-29T20:07:00+00:00,2024-10-30T09:52:42.677826336+00:00
demo_b,S017,Synthetic sensor 17,2024-05-26T21:41:00+00:00,2024-05-27T20:57:58.129053336+00:00
demo_b,S017,Synthetic sensor 17,2024-08-09T00:55:00+00:00,2024-08-09T12:02:38.500481694+00:00
demo_b,S017,Synthetic sensor 17,2024-01-11T08:08:00+00:00,2024-01-11T11:51:59.275279938+00:00
demo_b,S017,Synthetic sensor 17,2024-12-09T04:30:00+00:00,2024-12-09T13:20:34.037011986+00:00
demo_b,S017,Synthetic sensor 17,2024-03-13T00:33:00+00:00,2024-03-13T10:58:54.665603100+00:00
demo_b,S017,Synthetic sensor 17,2024-02-27T03:38:00+00:00,2024-02-27T07:41:01.305924456+00:00
demo_b,S017,Synthetic sensor 17,2024-08-16T08:25:00+00:00,2024-08-16T11:37:22.369289904+00:00
demo_b,S017,Synthetic sensor 17,2024-10-20T11:53:00+00:00,2024-10-20T13:17:35.271656820+00:00
demo_b,S017,Synthetic sensor 17,2024-12-02T23:37:00+00:00,2024-12-03T11:05:15.935751456+00:00
demo_b,S017,Synthetic sensor 17,2024-05-17T04:07:00+00:00,2024-05-17T14:27:26.939253258+00:00
demo_b,S017,Synthetic sensor 17,2024-03-04T13:02:00+00:00,2024-03-05T00:50:11.619120276+00:00
demo_b,S017,Synthetic sensor 17,2024-09-10T03:43:00+00:00,2024-09-10T09:39:55.283688906+00:00
demo_b,S017,Synthetic sensor 17,2024-04-28T22:23:00+00:00,2024-04-30T10:09:30.621928032+00:00
demo_b,S017,Synthetic sensor 17,2024-01-26T21:06:00+00:00,2024-01-26T22:11:37.416763830+00:00
demo_b,S017,Synthetic sensor 17,2024-01-06T18:05:00+00:00,2024-01-06T19:21:00.284294034+00:00
demo_b,S017,Synthetic sensor 17,2024-02-26T09:46:00+00:00,2024-02-26T12:52:56.947744002+00:00
demo_b,S017,Synthetic sensor 17,2024-11-21T16:29:00+00:00,2024-11-21T17:08:25.694310408+00:00
demo_b,S017,Synthetic sensor 17,2024-10-29T13:57:00+00:00,2024-10-30T06:43:58.410434814+00:00
demo_b,S017,Synthetic sensor 17,2024-03-27T17:15:00+00:00,2024-03-28T11:18:56.249620494+00:00
demo_b,S017,Synthetic sensor 17,2024-03-13T07:19:00+00:00,2024-03-13T13:25:02.468845362+00:00
demo_b,S017,Synthetic sensor 17,2024-02-09T12:58:00+00:00,2024-02-10T02:49:25.693415658+00:00
