company,uwwCode,population_density_km2,rain_mean_annual_mm,catchment_area_km2
demo_a,W000,1373.6466416678747,856.2418078376948,33.77526284995804
demo_b,W001,3430.771037598465,699.4447708684961,63.59589452209821
demo_a,W002,3166.9883353195605,1127.1130696449557,61.40473719624448
demo_b,W003,1388.1334519755446,641.8085761624868,62.63266359378714
demo_a,W004,125.27009335056667,1368.4107536937818,89.51723284594976
demo_b,W005,717.3744802034985,1035.4793301941204,14.318685368989293
demo_a,W006,2942.8563034299473,1297.9872529513937,60.348782654721745
demo_b,W007,2902.801416423592,813.8024064973388,29.38723713457957
demo_a,W008,3057.417232202599,728.9424199696074,54.51045043751972
demo_b,W009,2174.83095002736,1036.0572112553346,40.21044317457343
demo_a,W010,1898.167297615752,902.0742295463272,35.447439722502054
demo_b,W011,2389.491771089651,697.3885817151524,5.286386716284604
demo_a,W012,3416.9070153417815,1317.1655537079341,39.60332212683706
demo_b,W013,713.8919431742269,1170.7404266711512,25.996761699402494
demo_a,W014,910.3092413548552,1140.513177098126,60.409828488793146
demo_b,W015,1049.783014154808,1159.0555693253214,41.01781548281577
demo_a,W016,1708.4261643364805,1072.8994251499641,38.32185410837407
demo_b,W017,218.85326224337996,1224.675635986701,36.57581648678834
