sensor_uid,company,uwwCode,assignment_evidence
demo_a::S000,demo_a,W000,synthetic accepted teaching pair
demo_b::S001,demo_b,W001,synthetic accepted teaching pair
demo_a::S002,demo_a,W002,synthetic accepted teaching pair
demo_b::S003,demo_b,W003,synthetic accepted teaching pair
demo_a::S004,demo_a,W004,synthetic accepted teaching pair
demo_b::S005,demo_b,W005,synthetic accepted teaching pair
demo_a::S006,demo_a,W006,synthetic accepted teaching pair
demo_b::S007,demo_b,W007,synthetic accepted teaching pair
demo_a::S008,demo_a,W008,synthetic accepted teaching pair
demo_b::S009,demo_b,W009,synthetic accepted teaching pair
demo_a::S010,demo_a,W010,synthetic accepted teaching pair
demo_b::S011,demo_b,W011,synthetic accepted teaching pair
demo_a::S012,demo_a,W012,synthetic accepted teaching pair
demo_b::S013,demo_b,W013,synthetic accepted teaching pair
demo_a::S014,demo_a,W014,synthetic accepted teaching pair
demo_b::S015,demo_b,W015,synthetic accepted teaching pair
demo_a::S016,demo_a,W016,synthetic accepted teaching pair
demo_b::S017,demo_b,W017,synthetic accepted teaching pair
