target,analysis_unit,rmse_improvement_pct,r2,spearman,target_variance,target_iqr
beta,selected_sensor,4.853917842343283,0.0727159108282028,0.257438959899911,,
beta,multi_sensor_WWTW,5.624781747263176,0.1086583000426858,0.2605403262734163,,
beta,regional_25km,17.38646191850253,0.3141877060233733,0.3628724216959511,0.3549908731220534,0.49512967191805457
lambda,selected_sensor,4.941872785525852,0.0949522624251283,0.2639882550151743,,
lambda,multi_sensor_WWTW,3.6351811060905055,0.0655282481373125,0.2614566585489185,,
lambda,regional_25km,9.719519746555775,0.17952602723747146,0.4040033627804213,110.37383343044937,21.880835192621483
duration,selected_sensor,2.644368100654888,0.0517681203598893,0.2519521625412229,,
duration,multi_sensor_WWTW,4.562251146033927,0.0887896865824944,0.3155782578552701,,
duration,regional_25km,7.776330462635355,0.14286206370692445,0.45,1.08230192705585,1.2246312997410875
frequency,selected_sensor,6.988219572185193,0.1333132555237068,0.3456089832847995,,
frequency,multi_sensor_WWTW,7.095644113952482,0.1344295277321044,0.4024871962417001,,
frequency,regional_25km,-1.9924073062867131,-0.06320870892388353,0.20124633431085046,0.5622886469477796,0.9479571867158638
